Zeit,Temperatur Innen(℃),Luftfeuchtigkeit Innen(%),Temperatur Aussen(℃),Luftfeuchtigkeit Aussen(%),Taupunkt(℃),Gefühlte Temperatur(℃),Wind(m/s),Böe(m/s),Windrichtung(°),Abs. Luftdruck(hpa),Rel. Luftdruck(hpa),Sonneneinstrahlung(w/m2),UVI,Regen/Stunde(mm),Regen Event(mm),Regen/Tag(mm),Regen/Wochen(mm),Regen/Monat(mm),Regen/Jahre(mm),Pm2.5(ug/m3)
2020/11/27 19:27,20.3,54,-0.2,78,-3.6,-0.2,0.0,0.0,153,975.3,975.3,0.0,0,0.0,0.0,0.0,0.0,0.0,0.0,--
2020/11/27 19:32,20.2,54,-0.9,81,-3.7,-0.9,0.0,0.0,153,975.5,975.5,0.0,0,0.0,0.0,0.0,0.0,0.0,0.0,--
2020/11/27 19:37,20.2,54,-1.3,84,-3.7,-1.3,0.0,0.0,153,975.4,975.4,0.0,0,0.0,0.0,0.0,0.0,0.0,0.0,--
2020/11/27 19:42,20.2,54,-1.7,87,-3.6,-1.7,0.0,0.0,153,975.4,975.4,0.0,0,0.0,0.0,0.0,0.0,0.0,0.0,--
2020/11/27 19:47,20.2,54,-2.1,88,-3.9,-2.1,0.0,0.0,153,975.3,975.3,0.0,0,0.0,0.0,0.0,0.0,0.0,0.0,--
2020/11/27 19:52,20.2,54,-2.3,89,-3.9,-2.3,0.0,0.0,153,975.4,975.4,0.0,0,0.0,0.0,0.0,0.0,0.0,0.0,--
2020/11/27 19:57,20.2,54,-2.5,90,-3.9,-2.5,0.0,0.0,153,975.5,975.5,0.0,0,0.0,0.0,0.0,0.0,0.0,0.0,--
2020/11/27 20:14,20.2,54,-2.9,92,-4.0,-2.9,0.0,0.0,153,975.6,975.6,0.0,0,0.0,0.0,0.0,0.0,0.0,0.0,--
2020/11/27 20:19,20.2,54,-3.0,92,-4.1,-3.0,0.0,0.0,153,975.6,975.6,0.0,0,0.0,0.0,0.0,0.0,0.0,0.0,--
2020/11/27 20:24,20.2,54,-3.0,92,-4.1,-3.0,0.0,0.0,153,975.7,975.7,0.0,0,0.0,0.0,0.0,0.0,0.0,0.0,--
2020/11/27 20:29,20.2,54,-3.0,93,-4.0,-3.0,0.0,0.0,153,975.8,975.8,0.0,0,0.0,0.0,0.0,0.0,0.0,0.0,--
2020/11/27 20:34,20.3,54,-3.0,94,-3.9,-3.0,0.0,0.0,153,975.8,975.8,0.0,0,0.0,0.0,0.0,0.0,0.0,0.0,--
2020/11/27 20:39,20.3,54,-3.0,95,-3.7,-3.0,0.0,0.0,153,976.0,976.0,0.0,0,0.0,0.0,0.0,0.0,0.0,0.0,--
2020/11/27 20:44,20.3,54,-2.9,95,-3.6,-2.9,0.0,0.0,153,976.0,976.0,0.0,0,0.0,0.0,0.0,0.0,0.0,0.0,--
2020/11/27 20:54,20.3,54,-2.9,95,-3.6,-2.9,0.0,0.0,153,975.7,975.7,0.0,0,0.0,0.0,0.0,0.0,0.0,0.0,--
2020/11/27 21:04,20.3,54,-2.8,95,-3.5,-2.8,0.0,0.0,153,975.8,975.8,0.0,0,0.0,0.0,0.0,0.0,0.0,0.0,--
2020/11/27 21:14,20.2,54,-2.8,95,-3.5,-2.8,0.0,0.0,153,975.9,975.9,0.0,0,0.0,0.0,0.0,0.0,0.0,0.0,--
2020/11/27 21:30,20.1,54,-2.7,95,-3.4,-2.7,0.0,0.0,153,975.8,975.8,0.0,0,0.0,0.0,0.0,0.0,0.0,0.0,--
2020/11/27 21:40,20.0,54,-2.6,96,-3.1,-2.6,0.0,0.0,153,976.0,976.0,0.0,0,0.0,0.0,0.0,0.0,0.0,0.0,--
2020/11/27 21:50,20.0,54,-2.5,96,-3.0,-2.5,0.0,0.0,153,975.9,975.9,0.0,0,0.0,0.0,0.0,0.0,0.0,0.0,--
2020/11/27 22:00,20.0,54,-2.4,96,-2.9,-2.4,0.0,0.0,153,975.9,975.9,0.0,0,0.0,0.0,0.0,0.0,0.0,0.0,--
2020/11/27 22:10,20.0,54,-2.4,96,-2.9,-2.4,0.0,0.0,153,976.0,976.0,0.0,0,0.0,0.0,0.0,0.0,0.0,0.0,--
2020/11/27 22:20,20.0,54,-2.3,97,-2.7,-2.3,0.0,0.0,153,975.8,975.8,0.0,0,0.0,0.0,0.0,0.0,0.0,0.0,--
2020/11/27 22:30,20.0,54,-2.3,97,-2.7,-2.3,0.0,0.0,153,975.8,975.8,0.0,0,0.0,0.0,0.0,0.0,0.0,0.0,--
2020/11/27 22:40,20.0,54,-2.3,97,-2.7,-2.3,0.0,0.0,153,975.7,975.7,0.0,0,0.0,0.0,0.0,0.0,0.0,0.0,--
2020/11/27 22:50,20.1,54,-2.3,97,-2.7,-2.3,0.0,0.0,153,975.6,975.6,0.0,0,0.0,0.0,0.0,0.0,0.0,0.0,--
2020/11/27 23:00,20.0,54,-2.4,97,-2.8,-2.4,0.0,0.0,153,975.9,975.9,0.0,0,0.0,0.0,0.0,0.0,0.0,0.0,--
2020/11/27 23:10,20.0,54,-2.4,97,-2.8,-2.4,0.0,0.0,152,975.9,975.9,0.0,0,0.0,0.0,0.0,0.0,0.0,0.0,--
2020/11/27 23:20,19.9,54,-2.4,97,-2.8,-2.4,0.0,0.0,152,975.7,975.7,0.0,0,0.0,0.0,0.0,0.0,0.0,0.0,--
2020/11/27 23:30,19.8,54,-2.4,97,-2.8,-2.4,0.0,0.0,152,975.7,975.7,0.0,0,0.0,0.0,0.0,0.0,0.0,0.0,--
2020/11/27 23:40,19.7,54,-2.3,97,-2.7,-2.3,0.0,0.0,152,975.7,975.7,0.0,0,0.0,0.0,0.0,0.0,0.0,0.0,--
2020/11/27 23:50,19.7,54,-2.4,97,-2.8,-2.4,0.0,0.0,152,975.6,975.6,0.0,0,0.0,0.0,0.0,0.0,0.0,0.0,--
2020/11/28 0:00,19.6,54,-2.4,97,-2.8,-2.4,0.0,0.0,152,975.6,975.6,0.0,0,0.0,0.0,0.0,0.0,0.0,0.0,--
2020/11/28 0:10,19.6,54,-2.4,97,-2.8,-2.4,0.0,0.0,152,975.6,975.6,0.0,0,0.0,0.0,0.0,0.0,0.0,0.0,--
2020/11/28 0:20,19.5,54,-2.5,97,-2.9,-2.5,0.0,0.0,152,975.4,975.4,0.0,0,0.0,0.0,0.0,0.0,0.0,0.0,--
2020/11/28 0:30,19.5,54,-2.4,97,-2.8,-2.4,0.0,0.0,152,975.2,975.2,0.0,0,0.0,0.0,0.0,0.0,0.0,0.0,--
2020/11/28 0:40,19.4,54,-2.4,97,-2.8,-2.4,0.0,0.0,152,975.3,975.3,0.0,0,0.0,0.0,0.0,0.0,0.0,0.0,--
2020/11/28 0:50,19.4,54,-2.4,97,-2.8,-2.4,0.0,0.0,152,975.3,975.3,0.0,0,0.0,0.0,0.0,0.0,0.0,0.0,--
2020/11/28 1:00,19.3,54,-2.4,97,-2.8,-2.4,0.0,0.0,152,975.1,975.1,0.0,0,0.0,0.0,0.0,0.0,0.0,0.0,--
2020/11/28 1:10,19.3,54,-2.5,97,-2.9,-2.5,0.0,0.0,152,975.1,975.1,0.0,0,0.0,0.0,0.0,0.0,0.0,0.0,--
2020/11/28 1:20,19.2,54,-2.5,97,-2.9,-2.5,0.0,0.0,152,975.0,975.0,0.0,0,0.0,0.0,0.0,0.0,0.0,0.0,--
2020/11/28 1:30,19.2,54,-2.5,97,-2.9,-2.5,0.0,0.0,152,975.1,975.1,0.0,0,0.0,0.0,0.0,0.0,0.0,0.0,--
2020/11/28 1:40,19.1,54,-2.5,97,-2.9,-2.5,0.0,0.0,151,974.8,974.8,0.0,0,0.0,0.0,0.0,0.0,0.0,0.0,--
2020/11/28 1:50,19.1,54,-2.6,97,-3.0,-2.6,0.0,0.0,151,974.7,974.7,0.0,0,0.0,0.0,0.0,0.0,0.0,0.0,--
2020/11/28 2:00,19.1,54,-2.7,97,-3.1,-2.7,0.0,0.0,151,974.9,974.9,0.0,0,0.0,0.0,0.0,0.0,0.0,0.0,--
2020/11/28 2:10,19.1,54,-2.7,97,-3.1,-2.7,0.0,0.0,151,975.0,975.0,0.0,0,0.0,0.0,0.0,0.0,0.0,0.0,--
2020/11/28 2:20,19.0,54,-2.8,97,-3.2,-2.8,0.0,0.0,151,975.0,975.0,0.0,0,0.0,0.0,0.0,0.0,0.0,0.0,--
2020/11/28 2:30,19.0,54,-2.8,96,-3.3,-2.8,0.0,0.0,151,974.7,974.7,0.0,0,0.0,0.0,0.0,0.0,0.0,0.0,--
2020/11/28 2:40,19.0,54,-3.0,96,-3.5,-3.0,0.0,0.0,151,974.8,974.8,0.0,0,0.0,0.0,0.0,0.0,0.0,0.0,--
2020/11/28 2:50,18.9,54,-3.0,96,-3.5,-3.0,0.0,0.0,151,974.8,974.8,0.0,0,0.0,0.0,0.0,0.0,0.0,0.0,--
2020/11/28 3:00,18.9,54,-3.1,97,-3.5,-3.1,0.0,0.0,151,974.5,974.5,0.0,0,0.0,0.0,0.0,0.0,0.0,0.0,--
2020/11/28 3:10,18.9,54,-3.1,97,-3.5,-3.1,0.0,0.0,151,974.6,974.6,0.0,0,0.0,0.0,0.0,0.0,0.0,0.0,--
2020/11/28 3:20,18.8,54,-3.1,97,-3.5,-3.1,0.0,0.0,151,974.3,974.3,0.0,0,0.0,0.0,0.0,0.0,0.0,0.0,--
2020/11/28 3:30,18.8,54,-3.1,97,-3.5,-3.1,0.0,0.0,151,974.3,974.3,0.0,0,0.0,0.0,0.0,0.0,0.0,0.0,--
2020/11/28 3:40,18.8,54,-3.0,97,-3.4,-3.0,0.0,0.0,151,974.3,974.3,0.0,0,0.0,0.0,0.0,0.0,0.0,0.0,--
2020/11/28 3:50,18.8,54,-3.0,97,-3.4,-3.0,0.0,0.0,151,974.2,974.2,0.0,0,0.0,0.0,0.0,0.0,0.0,0.0,--
2020/11/28 4:00,18.7,54,-3.0,97,-3.4,-3.0,0.0,0.0,151,974.2,974.2,0.0,0,0.0,0.0,0.0,0.0,0.0,0.0,--
2020/11/28 4:10,18.7,54,-3.1,97,-3.5,-3.1,0.0,0.0,151,974.2,974.2,0.0,0,0.0,0.0,0.0,0.0,0.0,0.0,--
2020/11/28 4:20,18.7,54,-3.2,96,-3.7,-3.2,0.0,0.0,151,974.1,974.1,0.0,0,0.0,0.0,0.0,0.0,0.0,0.0,--
2020/11/28 4:30,18.6,54,-3.3,96,-3.8,-3.3,0.0,0.0,151,973.9,973.9,0.0,0,0.0,0.0,0.0,0.0,0.0,0.0,--
2020/11/28 4:40,18.7,54,-3.3,96,-3.8,-3.3,0.0,0.0,151,974.0,974.0,0.0,0,0.0,0.0,0.0,0.0,0.0,0.0,--
2020/11/28 4:50,18.6,54,-3.4,96,-3.9,-3.4,0.0,0.0,151,974.1,974.1,0.0,0,0.0,0.0,0.0,0.0,0.0,0.0,--
2020/11/28 5:00,18.6,54,-3.5,96,-4.0,-3.5,0.0,0.0,151,974.0,974.0,0.0,0,0.0,0.0,0.0,0.0,0.0,0.0,--
2020/11/28 5:10,18.6,54,-3.6,96,-4.1,-3.6,0.0,0.0,151,974.1,974.1,0.0,0,0.0,0.0,0.0,0.0,0.0,0.0,--
2020/11/28 5:20,18.6,54,-3.6,96,-4.1,-3.6,0.0,0.0,151,974.3,974.3,0.0,0,0.0,0.0,0.0,0.0,0.0,0.0,--
2020/11/28 5:30,18.5,54,-3.6,96,-4.1,-3.6,0.0,0.0,151,974.1,974.1,0.0,0,0.0,0.0,0.0,0.0,0.0,0.0,--
2020/11/28 5:40,18.5,54,-3.7,96,-4.2,-3.7,0.0,0.0,151,973.9,973.9,0.0,0,0.0,0.0,0.0,0.0,0.0,0.0,--
2020/11/28 5:50,18.5,54,-3.8,96,-4.3,-3.8,0.0,0.0,151,974.0,974.0,0.0,0,0.0,0.0,0.0,0.0,0.0,0.0,--
2020/11/28 6:00,18.5,54,-3.8,97,-4.2,-3.8,0.0,0.0,151,974.0,974.0,0.0,0,0.0,0.0,0.0,0.0,0.0,0.0,--
2020/11/28 6:10,18.5,55,-3.8,97,-4.2,-3.8,0.0,0.0,150,974.0,974.0,0.0,0,0.0,0.0,0.0,0.0,0.0,0.0,--
2020/11/28 6:20,18.5,55,-3.9,97,-4.3,-3.9,0.0,0.0,150,974.0,974.0,0.0,0,0.0,0.0,0.0,0.0,0.0,0.0,--
2020/11/28 6:30,18.6,55,-3.8,98,-4.1,-3.8,0.0,0.0,150,974.2,974.2,0.0,0,0.0,0.0,0.0,0.0,0.0,0.0,--
2020/11/28 6:40,18.7,55,-3.8,98,-4.1,-3.8,0.0,0.0,150,974.0,974.0,0.0,0,0.0,0.0,0.0,0.0,0.0,0.0,--
2020/11/28 6:50,18.7,55,-3.9,97,-4.3,-3.9,0.0,0.0,150,973.8,973.8,0.0,0,0.0,0.0,0.0,0.0,0.0,0.0,--
2020/11/28 7:00,18.8,55,-3.9,97,-4.3,-3.9,0.0,0.0,150,974.1,974.1,0.0,0,0.0,0.0,0.0,0.0,0.0,0.0,--
2020/11/28 7:10,18.8,55,-4.0,97,-4.4,-4.0,0.0,0.0,150,974.2,974.2,0.0,0,0.0,0.0,0.0,0.0,0.0,0.0,--
2020/11/28 7:20,18.9,55,-4.0,96,-4.5,-4.0,0.0,0.0,150,974.3,974.3,0.0,0,0.0,0.0,0.0,0.0,0.0,0.0,--
2020/11/28 7:30,19.0,55,-4.1,96,-4.6,-4.1,0.0,0.0,150,974.4,974.4,0.3,0,0.0,0.0,0.0,0.0,0.0,0.0,--
2020/11/28 7:40,19.0,55,-4.1,96,-4.6,-4.1,0.0,0.0,150,974.4,974.4,2.0,0,0.0,0.0,0.0,0.0,0.0,0.0,--
2020/11/28 7:50,19.1,55,-4.1,96,-4.6,-4.1,0.0,0.0,150,974.4,974.4,5.6,0,0.0,0.0,0.0,0.0,0.0,0.0,--
2020/11/28 8:00,19.1,55,-3.9,96,-4.4,-3.9,0.0,0.0,150,974.6,974.6,7.7,0,0.0,0.0,0.0,0.0,0.0,0.0,--
2020/11/28 8:10,19.2,55,-3.9,97,-4.3,-3.9,0.0,0.0,150,974.6,974.6,9.5,0,0.0,0.0,0.0,0.0,0.0,0.0,--
2020/11/28 8:20,19.3,56,-3.8,97,-4.2,-3.8,0.0,0.0,149,974.6,974.6,11.6,0,0.0,0.0,0.0,0.0,0.0,0.0,--
2020/11/28 8:30,19.4,56,-3.7,97,-4.1,-3.7,0.0,0.0,149,974.5,974.5,16.0,0,0.0,0.0,0.0,0.0,0.0,0.0,--
2020/11/28 8:40,19.4,56,-3.5,97,-3.9,-3.5,0.0,0.0,149,974.7,974.7,18.5,0,0.0,0.0,0.0,0.0,0.0,0.0,--
2020/11/28 8:50,19.5,56,-3.4,97,-3.8,-3.4,0.0,0.0,149,974.6,974.6,19.9,0,0.0,0.0,0.0,0.0,0.0,0.0,--
2020/11/28 9:00,19.5,56,-3.3,96,-3.8,-3.3,0.0,0.0,149,974.5,974.5,21.6,0,0.0,0.0,0.0,0.0,0.0,0.0,--
2020/11/28 9:10,19.6,56,-3.1,96,-3.6,-3.1,0.0,0.0,149,974.6,974.6,27.6,0,0.0,0.0,0.0,0.0,0.0,0.0,--
2020/11/28 9:20,19.7,56,-3.1,95,-3.8,-3.1,0.0,0.0,149,974.7,974.7,32.4,0,0.0,0.0,0.0,0.0,0.0,0.0,--
2020/11/28 9:30,19.7,56,-3.0,94,-3.9,-3.0,0.0,0.0,149,974.6,974.6,37.1,0,0.0,0.0,0.0,0.0,0.0,0.0,--
2020/11/28 9:40,19.8,56,-3.1,95,-3.8,-3.1,0.0,0.0,149,974.7,974.7,41.9,0,0.0,0.0,0.0,0.0,0.0,0.0,--
2020/11/28 9:50,19.8,56,-3.0,96,-3.5,-3.0,0.0,0.0,150,974.6,974.6,49.4,0,0.0,0.0,0.0,0.0,0.0,0.0,--
2020/11/28 10:00,19.9,56,-2.7,96,-3.2,-2.7,0.0,0.0,149,974.5,974.5,50.6,0,0.0,0.0,0.0,0.0,0.0,0.0,--
2020/11/28 10:10,19.9,56,-2.6,96,-3.1,-2.6,0.0,0.0,149,974.7,974.7,65.4,0,0.0,0.0,0.0,0.0,0.0,0.0,--
2020/11/28 10:20,19.9,56,-2.4,96,-2.9,-2.4,0.0,0.0,149,974.7,974.7,70.7,0,0.0,0.0,0.0,0.0,0.0,0.0,--
2020/11/28 10:30,19.9,56,-2.0,97,-2.4,-2.0,0.0,0.0,149,974.5,974.5,74.4,0,0.0,0.0,0.0,0.0,0.0,0.0,--
2020/11/28 10:40,20.1,56,-1.5,95,-2.2,-1.5,0.0,0.0,149,974.3,974.3,72.4,0,0.0,0.0,0.0,0.0,0.0,0.0,--
2020/11/28 10:50,20.3,55,-1.2,94,-2.1,-1.2,0.0,0.0,149,974.4,974.4,74.4,0,0.0,0.0,0.0,0.0,0.0,0.0,--
2020/11/28 11:00,20.3,55,-1.2,94,-2.1,-1.2,0.0,0.0,149,974.2,974.2,74.4,0,0.0,0.0,0.0,0.0,0.0,0.0,--
2020/11/28 11:10,20.3,55,-1.1,94,-2.0,-1.1,0.0,0.0,149,974.2,974.2,71.9,0,0.0,0.0,0.0,0.0,0.0,0.0,--
2020/11/28 11:26,20.3,55,-1.2,93,-2.2,-1.2,0.0,0.0,149,973.8,973.8,74.1,0,0.0,0.0,0.0,0.0,0.0,0.0,--
2020/11/28 11:36,20.3,55,-1.1,93,-2.1,-1.1,0.0,0.0,149,973.7,973.7,75.8,0,0.0,0.0,0.0,0.0,0.0,0.0,--
2020/11/28 11:46,20.3,55,-1.0,91,-2.3,-1.0,0.0,0.0,148,973.7,973.7,82.3,0,0.0,0.0,0.0,0.0,0.0,0.0,--
2020/11/28 11:56,20.3,55,-1.0,91,-2.3,-1.0,0.0,0.0,148,973.7,973.7,96.2,0,0.0,0.0,0.0,0.0,0.0,0.0,--
2020/11/28 12:06,20.2,55,-0.8,91,-2.1,-0.8,0.0,0.0,148,973.4,973.4,88.8,0,0.0,0.0,0.0,0.0,0.0,0.0,--
2020/11/28 12:16,20.2,54,-0.7,89,-2.3,-0.7,0.0,0.0,148,973.3,973.3,85.0,0,0.0,0.0,0.0,0.0,0.0,0.0,--
2020/11/28 12:26,20.1,54,-1.5,92,-2.6,-1.5,0.0,0.0,147,973.1,973.1,80.6,0,0.0,0.0,0.0,0.0,0.0,0.0,--
2020/11/28 12:36,20.1,54,-1.2,92,-2.3,-1.2,0.0,0.0,161,972.9,972.9,98.3,0,0.0,0.0,0.0,0.0,0.0,0.0,--
2020/11/28 12:46,20.0,55,-1.5,92,-2.6,-1.5,0.0,0.0,194,972.9,972.9,130.5,1,0.0,0.0,0.0,0.0,0.0,0.0,--
2020/11/28 12:56,19.9,55,-1.8,95,-2.5,-1.8,0.2,0.5,192,972.8,972.8,118.7,1,0.0,0.0,0.0,0.0,0.0,0.0,--
2020/11/28 13:06,19.8,55,-1.9,95,-2.6,-1.9,0.0,0.0,192,972.7,972.7,113.1,1,0.0,0.0,0.0,0.0,0.0,0.0,--
2020/11/28 13:16,19.8,54,-2.0,96,-2.5,-2.0,0.0,0.0,192,972.6,972.6,113.1,1,0.0,0.0,0.0,0.0,0.0,0.0,--
2020/11/28 13:26,19.7,54,-1.8,95,-2.5,-1.8,0.1,0.5,197,972.4,972.4,108.3,1,0.0,0.0,0.0,0.0,0.0,0.0,--
2020/11/28 13:36,19.6,54,-1.5,94,-2.4,-1.5,0.0,0.0,197,972.3,972.3,98.8,0,0.0,0.0,0.0,0.0,0.0,0.0,--
2020/11/28 13:46,19.5,54,-1.5,94,-2.4,-1.5,0.0,0.0,197,972.2,972.2,97.1,0,0.0,0.0,0.0,0.0,0.0,0.0,--
2020/11/28 13:56,19.4,54,-1.6,95,-2.3,-1.6,0.1,0.5,196,972.0,972.0,94.9,0,0.0,0.0,0.0,0.0,0.0,0.0,--
2020/11/28 14:06,19.3,54,-1.6,96,-2.1,-1.6,0.4,0.5,197,972.1,972.1,87.1,0,0.0,0.0,0.0,0.0,0.0,0.0,--
2020/11/28 14:16,19.2,54,-1.8,96,-2.3,-1.8,0.0,0.0,197,972.1,972.1,76.7,0,0.0,0.0,0.0,0.0,0.0,0.0,--
2020/11/28 14:26,19.2,55,-1.7,97,-2.1,-1.7,0.0,0.0,196,972.1,972.1,60.1,0,0.0,0.0,0.0,0.0,0.0,0.0,--
2020/11/28 14:36,19.1,55,-2.0,97,-2.4,-2.0,0.0,0.0,196,972.0,972.0,58.4,0,0.0,0.0,0.0,0.0,0.0,0.0,--
2020/11/28 14:46,19.1,55,-2.0,97,-2.4,-2.0,0.0,0.0,196,972.0,972.0,62.0,0,0.0,0.0,0.0,0.0,0.0,0.0,--
2020/11/28 14:56,19.2,56,-1.9,98,-2.2,-1.9,0.0,0.0,196,971.9,971.9,52.4,0,0.0,0.0,0.0,0.0,0.0,0.0,--
2020/11/28 15:06,19.2,56,-1.9,97,-2.3,-1.9,0.0,0.0,196,971.9,971.9,39.8,0,0.0,0.0,0.0,0.0,0.0,0.0,--
2020/11/28 15:16,19.3,56,-2.0,98,-2.3,-2.0,0.0,0.0,196,972.0,972.0,32.0,0,0.0,0.0,0.0,0.0,0.0,0.0,--
2020/11/28 15:26,19.4,56,-2.1,98,-2.4,-2.1,0.0,0.0,196,972.1,972.1,25.5,0,0.0,0.0,0.0,0.0,0.0,0.0,--
2020/11/28 15:36,19.5,56,-2.2,98,-2.5,-2.2,0.0,0.0,196,972.1,972.1,19.4,0,0.0,0.0,0.0,0.0,0.0,0.0,--
2020/11/28 15:46,19.6,57,-2.3,98,-2.6,-2.3,0.0,0.0,196,972.2,972.2,13.8,0,0.0,0.0,0.0,0.0,0.0,0.0,--
2020/11/28 15:56,19.7,58,-2.4,98,-2.7,-2.4,0.0,0.0,196,972.1,972.1,8.5,0,0.0,0.0,0.0,0.0,0.0,0.0,--
2020/11/28 16:06,19.8,58,-2.4,98,-2.7,-2.4,0.0,0.0,196,972.3,972.3,4.7,0,0.0,0.0,0.0,0.0,0.0,0.0,--
2020/11/28 16:16,19.9,59,-2.5,98,-2.8,-2.5,0.4,0.5,197,972.2,972.2,1.2,0,0.0,0.0,0.0,0.0,0.0,0.0,--
2020/11/28 16:26,20.0,60,-2.6,98,-2.9,-2.6,0.0,0.0,197,972.6,972.6,0.0,0,0.0,0.0,0.0,0.0,0.0,0.0,--
2020/11/28 16:36,20.1,60,-2.6,98,-2.9,-2.6,0.0,0.0,197,972.6,972.6,0.0,0,0.0,0.0,0.0,0.0,0.0,0.0,--
2020/11/28 16:46,20.1,59,-2.6,98,-2.9,-2.6,0.0,0.0,197,972.7,972.7,0.0,0,0.0,0.0,0.0,0.0,0.0,0.0,--
2020/11/28 16:56,20.1,59,-2.7,99,-2.9,-2.7,0.6,1.0,199,972.7,972.7,0.0,0,0.0,0.0,0.0,0.0,0.0,0.0,--
2020/11/28 17:06,20.1,59,-2.9,99,-3.1,-2.9,0.5,0.5,239,972.7,972.7,0.0,0,0.0,0.0,0.0,0.0,0.0,0.0,--
2020/11/28 17:16,20.2,58,-2.8,99,-3.0,-2.8,0.0,0.0,242,973.1,973.1,0.0,0,0.0,0.0,0.0,0.0,0.0,0.0,--
2020/11/28 17:38,20.3,57,-2.9,99,-3.1,-2.9,0.8,1.0,253,973.3,973.3,0.0,0,0.0,0.0,0.0,0.0,0.0,0.0,--
2020/11/28 17:57,20.3,57,-2.9,99,-3.1,-2.9,0.0,0.0,253,973.2,973.2,0.0,0,0.0,0.0,0.0,0.0,0.0,0.0,--
2020/11/28 18:07,20.3,56,-3.0,98,-3.3,-3.0,0.5,0.5,254,973.3,973.3,0.0,0,0.0,0.0,0.0,0.0,0.0,0.0,--
2020/11/28 18:12,20.2,56,-3.0,98,-3.3,-3.0,0.4,0.5,256,973.4,973.4,0.0,0,0.0,0.0,0.0,0.0,0.0,0.0,--
2020/11/28 18:17,20.2,56,-3.0,98,-3.3,-3.0,0.3,0.5,256,973.4,973.4,0.0,0,0.0,0.0,0.0,0.0,0.0,0.0,--
2020/11/28 18:22,20.2,56,-3.1,98,-3.4,-3.1,0.8,1.0,256,973.5,973.5,0.0,0,0.0,0.0,0.0,0.0,0.0,0.0,--
2020/11/28 18:27,20.1,56,-2.9,98,-3.2,-2.9,0.4,0.5,283,973.5,973.5,0.0,0,0.0,0.0,0.0,0.0,0.0,0.0,--
2020/11/28 18:32,20.1,55,-3.0,98,-3.3,-3.0,0.5,0.5,283,973.4,973.4,0.0,0,0.0,0.0,0.0,0.0,0.0,0.0,--
2020/11/28 18:37,20.1,55,-2.9,98,-3.2,-2.9,0.3,0.5,283,973.6,973.6,0.0,0,0.0,0.0,0.0,0.0,0.0,0.0,--
2020/11/28 18:45,20.0,55,-3.0,97,-3.4,-3.0,0.0,0.0,283,973.7,973.7,0.0,0,0.0,0.0,0.0,0.0,0.0,0.0,--
2020/11/28 18:50,19.9,55,-3.0,98,-3.3,-3.0,0.0,0.0,283,973.5,973.5,0.0,0,0.0,0.0,0.0,0.0,0.0,0.0,--
2020/11/28 18:55,19.9,56,-3.2,97,-3.6,-3.2,0.0,0.0,283,973.6,973.6,0.0,0,0.0,0.0,0.0,0.0,0.0,0.0,--
2020/11/28 19:00,20.0,56,-3.4,97,-3.8,-3.4,0.0,0.0,283,973.4,973.4,0.0,0,0.0,0.0,0.0,0.0,0.0,0.0,--
2020/11/28 19:05,20.0,57,-3.4,98,-3.7,-3.4,0.0,0.0,283,1019.6,1019.6,0.0,0,0.0,0.0,0.0,0.0,0.0,0.0,--
2020/11/28 19:10,20.0,57,-3.4,97,-3.8,-3.4,0.0,0.0,283,1019.6,1019.6,0.0,0,0.0,0.0,0.0,0.0,0.0,0.0,--
2020/11/28 19:15,20.1,57,-3.6,98,-3.9,-3.6,0.0,0.0,283,973.8,1019.8,0.0,0,0.0,0.0,0.0,0.0,0.0,0.0,--
2020/11/28 19:20,20.1,58,-3.6,98,-3.9,-3.6,0.0,0.0,283,973.8,1019.8,0.0,0,0.0,0.0,0.0,0.0,0.0,0.0,--
2020/11/28 19:25,20.1,58,-3.8,98,-4.1,-3.8,0.0,0.0,283,974.2,1020.2,0.0,0,0.0,0.0,0.0,0.0,0.0,0.0,--
2020/11/28 19:30,20.1,58,-3.7,98,-4.0,-3.7,0.0,0.0,283,974.1,1020.1,0.0,0,0.0,0.0,0.0,0.0,0.0,0.0,--
2020/11/28 19:35,20.3,58,-3.7,98,-4.0,-3.7,0.0,0.0,283,973.9,1019.9,0.0,0,0.0,0.0,0.0,0.0,0.0,0.0,--
2020/11/28 19:40,20.6,58,-3.5,99,-3.7,-3.5,0.2,0.5,281,973.9,1019.9,0.0,0,0.0,0.0,0.0,0.0,0.0,0.0,--
2020/11/28 19:45,20.7,57,-3.2,99,-3.4,-3.2,0.0,0.0,281,974.1,1020.1,0.0,0,0.0,0.0,0.0,0.0,0.0,0.0,--
2020/11/28 19:50,20.8,57,-3.1,99,-3.3,-3.1,0.3,0.5,280,974.0,1020.0,0.0,0,0.0,0.0,0.0,0.0,0.0,0.0,--
2020/11/28 19:55,20.9,57,-3.1,99,-3.3,-3.1,0.6,1.0,243,974.0,1020.0,0.0,0,0.0,0.0,0.0,0.0,0.0,0.0,--
2020/11/28 20:00,20.9,57,-3.3,99,-3.5,-3.3,0.0,0.0,242,974.0,1020.0,0.0,0,0.0,0.0,0.0,0.0,0.0,0.0,--
2020/11/28 20:05,21.0,57,-3.3,99,-3.5,-3.3,0.3,0.5,242,974.2,1020.2,0.0,0,0.0,0.0,0.0,0.0,0.0,0.0,--
2020/11/28 20:10,21.0,57,-3.3,99,-3.5,-3.3,0.2,0.5,241,974.2,1020.2,0.0,0,0.0,0.0,0.0,0.0,0.0,0.0,--
2020/11/28 20:15,21.0,57,-3.4,99,-3.6,-3.4,0.3,0.5,241,974.2,1020.2,0.0,0,0.0,0.0,0.0,0.0,0.0,0.0,--
2020/11/28 20:20,21.0,57,-3.4,99,-3.6,-3.4,0.0,0.0,241,974.3,1020.3,0.0,0,0.0,0.0,0.0,0.0,0.0,0.0,--
2020/11/28 20:25,21.0,57,-3.4,99,-3.6,-3.4,0.0,0.0,241,974.4,1020.4,0.0,0,0.0,0.0,0.0,0.0,0.0,0.0,--
2020/11/28 20:30,21.1,57,-3.4,99,-3.6,-3.4,0.0,0.0,241,974.5,1020.5,0.0,0,0.0,0.0,0.0,0.0,0.0,0.0,--
2020/11/28 20:35,21.1,57,-3.4,99,-3.6,-3.4,0.3,0.5,241,974.3,1020.3,0.0,0,0.0,0.0,0.0,0.0,0.0,0.0,--
2020/11/28 20:40,21.1,57,-3.4,99,-3.6,-3.4,0.2,0.5,241,974.6,1020.6,0.0,0,0.0,0.0,0.0,0.0,0.0,0.0,--
2020/11/28 20:45,21.1,57,-3.5,99,-3.7,-3.5,0.0,0.0,241,974.4,1020.4,0.0,0,0.0,0.0,0.0,0.0,0.0,0.0,--
2020/11/28 20:50,21.1,56,-3.4,99,-3.6,-3.4,0.0,0.0,241,974.4,1020.4,0.0,0,0.0,0.0,0.0,0.0,0.0,0.0,--
2020/11/28 20:55,21.2,56,-3.4,99,-3.6,-3.4,0.0,0.0,241,974.5,1020.5,0.0,0,0.0,0.0,0.0,0.0,0.0,0.0,--
2020/11/28 21:00,21.2,56,-3.3,99,-3.5,-3.3,0.0,0.0,242,974.5,1020.5,0.0,0,0.0,0.0,0.0,0.0,0.0,0.0,--
2020/11/28 21:05,21.2,56,-3.2,99,-3.4,-3.2,0.0,0.0,242,974.5,1020.5,0.0,0,0.0,0.0,0.0,0.0,0.0,0.0,--
2020/11/28 21:10,21.2,56,-3.2,99,-3.4,-3.2,0.0,0.0,242,974.6,1020.6,0.0,0,0.0,0.0,0.0,0.0,0.0,0.0,--
2020/11/28 21:15,21.1,56,-3.3,99,-3.5,-3.3,0.0,0.0,242,974.5,1020.5,0.0,0,0.0,0.0,0.0,0.0,0.0,0.0,--
2020/11/28 21:20,21.0,56,-3.5,99,-3.7,-3.5,0.0,0.0,242,974.5,1020.5,0.0,0,0.0,0.0,0.0,0.0,0.0,0.0,--
2020/11/28 21:25,20.9,56,-3.2,99,-3.4,-3.2,0.0,0.0,242,974.6,1020.6,0.0,0,0.0,0.0,0.0,0.0,0.0,0.0,--
2020/11/28 21:30,20.8,56,-3.1,99,-3.3,-3.1,0.0,0.0,242,974.4,1020.4,0.0,0,0.0,0.0,0.0,0.0,0.0,0.0,--
2020/11/28 21:35,20.8,56,-3.1,99,-3.3,-3.1,0.0,0.0,242,974.5,1020.5,0.0,0,0.0,0.0,0.0,0.0,0.0,0.0,--
2020/11/28 21:40,20.9,56,-3.1,99,-3.3,-3.1,0.0,0.0,242,974.9,1020.9,0.0,0,0.0,0.0,0.0,0.0,0.0,0.0,--
2020/11/28 21:45,20.9,56,-3.1,99,-3.3,-3.1,0.0,0.0,242,974.5,1020.5,0.0,0,0.0,0.0,0.0,0.0,0.0,0.0,--
2020/11/28 21:50,21.0,55,-3.0,99,-3.2,-3.0,0.0,0.0,242,974.7,1020.7,0.0,0,0.0,0.0,0.0,0.0,0.0,0.0,--
2020/11/28 21:55,21.0,55,-3.0,99,-3.2,-3.0,0.0,0.0,243,974.6,1020.6,0.0,0,0.0,0.0,0.0,0.0,0.0,0.0,--
2020/11/28 22:00,21.0,55,-2.9,99,-3.1,-2.9,0.0,0.0,243,975.0,1021.0,0.0,0,0.0,0.0,0.0,0.0,0.0,0.0,--
2020/11/28 22:05,21.0,55,-2.7,99,-2.9,-2.7,0.1,0.5,244,974.8,1020.8,0.0,0,0.0,0.0,0.0,0.0,0.0,0.0,--
2020/11/28 22:10,21.0,55,-2.6,99,-2.8,-2.6,0.0,0.0,244,974.6,1020.6,0.0,0,0.0,0.0,0.0,0.0,0.0,0.0,--
2020/11/28 22:15,21.0,55,-2.5,99,-2.7,-2.5,0.0,0.0,244,974.6,1020.6,0.0,0,0.0,0.0,0.0,0.0,0.0,0.0,--
2020/11/28 22:20,21.0,55,-2.5,99,-2.7,-2.5,0.0,0.0,244,974.6,1020.6,0.0,0,0.0,0.0,0.0,0.0,0.0,0.0,--
2020/11/28 22:25,21.0,55,-2.4,99,-2.6,-2.4,0.0,0.0,244,974.6,1020.6,0.0,0,0.0,0.0,0.0,0.0,0.0,0.0,--
2020/11/28 22:30,21.1,55,-2.3,98,-2.6,-2.3,0.1,0.5,244,974.7,1020.7,0.0,0,0.0,0.0,0.0,0.0,0.0,0.0,--
2020/11/28 22:35,21.0,55,-2.3,98,-2.6,-2.3,0.0,0.0,244,974.6,1020.6,0.0,0,0.0,0.0,0.0,0.0,0.0,0.0,--
2020/11/28 22:40,21.0,55,-2.3,98,-2.6,-2.3,0.1,0.5,244,974.5,1020.5,0.0,0,0.0,0.0,0.0,0.0,0.0,0.0,--
2020/11/28 22:45,21.0,55,-2.2,98,-2.5,-2.2,0.0,0.0,245,974.6,1020.6,0.0,0,0.0,0.0,0.0,0.0,0.0,0.0,--
2020/11/28 22:50,21.0,55,-2.2,98,-2.5,-2.2,0.0,0.0,245,974.3,1020.3,0.0,0,0.0,0.0,0.0,0.0,0.0,0.0,--
2020/11/28 22:55,20.9,55,-2.2,97,-2.6,-2.2,0.0,0.0,245,974.8,1020.8,0.0,0,0.0,0.0,0.0,0.0,0.0,0.0,--
2020/11/28 23:00,20.8,55,-2.2,97,-2.6,-2.2,0.5,0.5,254,974.7,1020.7,0.0,0,0.0,0.0,0.0,0.0,0.0,0.0,--
2020/11/28 23:05,20.7,55,-2.1,97,-2.5,-2.1,0.0,0.0,254,974.9,1020.9,0.0,0,0.0,0.0,0.0,0.0,0.0,0.0,--
2020/11/28 23:10,20.7,55,-2.1,97,-2.5,-2.1,0.0,0.0,254,974.9,1020.9,0.0,0,0.0,0.0,0.0,0.0,0.0,0.0,--
2020/11/28 23:15,20.6,55,-2.1,97,-2.5,-2.1,0.0,0.0,256,974.6,1020.6,0.0,0,0.0,0.0,0.0,0.0,0.0,0.0,--
2020/11/28 23:20,20.5,55,-2.1,97,-2.5,-2.1,0.0,0.0,256,974.7,1020.7,0.0,0,0.0,0.0,0.0,0.0,0.0,0.0,--
2020/11/28 23:25,20.5,55,-2.0,97,-2.4,-2.0,0.4,0.5,257,974.9,1020.9,0.0,0,0.0,0.0,0.0,0.0,0.0,0.0,--
2020/11/28 23:42,20.3,55,-1.9,96,-2.4,-1.9,0.1,0.5,257,974.9,1020.9,0.0,0,0.0,0.0,0.0,0.0,0.0,0.0,--
2020/11/28 23:47,20.2,55,-1.9,97,-2.3,-1.9,0.0,0.0,257,974.9,1020.9,0.0,0,0.0,0.0,0.0,0.0,0.0,0.0,--
2020/11/28 23:52,20.2,55,-1.9,96,-2.4,-1.9,0.0,0.0,257,974.9,1020.9,0.0,0,0.0,0.0,0.0,0.0,0.0,0.0,--
2020/11/28 23:57,20.1,55,-1.8,96,-2.3,-1.8,0.0,0.0,256,974.9,1020.9,0.0,0,0.0,0.0,0.0,0.0,0.0,0.0,--
2020/11/29 0:00,20.1,56,-1.8,97,-2.2,-1.8,0.0,0.0,256,974.8,1020.8,0.0,0,0.0,0.0,0.0,0.0,0.0,0.0,--
2020/11/29 0:02,20.1,56,-1.8,97,-2.2,-1.8,0.0,0.0,256,974.8,1020.8,0.0,0,0.0,0.0,0.0,0.0,0.0,0.0,--
2020/11/29 0:07,20.0,56,-1.8,97,-2.2,-1.8,0.0,0.0,256,974.8,1020.8,0.0,0,0.0,0.0,0.0,0.0,0.0,0.0,--
2020/11/29 0:12,20.0,56,-1.8,97,-2.2,-1.8,0.0,0.0,256,974.8,1020.8,0.0,0,0.0,0.0,0.0,0.0,0.0,0.0,--
2020/11/29 0:17,19.9,56,-1.8,97,-2.2,-1.8,0.0,0.0,256,974.7,1020.7,0.0,0,0.0,0.0,0.0,0.0,0.0,0.0,--
2020/11/29 0:22,19.9,56,-1.8,97,-2.2,-1.8,0.0,0.0,256,974.7,1020.7,0.0,0,0.0,0.0,0.0,0.0,0.0,0.0,--
2020/11/29 0:27,19.9,56,-1.7,97,-2.1,-1.7,0.0,0.0,256,974.9,1020.9,0.0,0,0.0,0.0,0.0,0.0,0.0,0.0,--
2020/11/29 0:32,19.9,56,-1.7,97,-2.1,-1.7,0.0,0.0,256,974.7,1020.7,0.0,0,0.0,0.0,0.0,0.0,0.0,0.0,--
2020/11/29 0:37,19.8,56,-1.7,97,-2.1,-1.7,0.0,0.0,256,974.9,1020.9,0.0,0,0.0,0.0,0.0,0.0,0.0,0.0,--
2020/11/29 0:42,19.8,56,-1.7,98,-2.0,-1.7,0.0,0.0,256,974.8,1020.8,0.0,0,0.0,0.0,0.0,0.0,0.0,0.0,--
2020/11/29 0:47,19.8,56,-1.7,97,-2.1,-1.7,0.0,0.0,256,974.8,1020.8,0.0,0,0.0,0.0,0.0,0.0,0.0,0.0,--
2020/11/29 0:52,19.7,56,-1.6,97,-2.0,-1.6,0.0,0.0,256,974.7,1020.7,0.0,0,0.0,0.0,0.0,0.0,0.0,0.0,--
2020/11/29 0:57,19.7,56,-1.6,97,-2.0,-1.6,0.0,0.0,256,974.6,1020.6,0.0,0,0.0,0.0,0.0,0.0,0.0,0.0,--
2020/11/29 1:02,19.6,56,-1.5,97,-1.9,-1.5,0.0,0.0,256,974.9,1020.9,0.0,0,0.0,0.0,0.0,0.0,0.0,0.0,--
2020/11/29 1:07,19.6,56,-1.4,97,-1.8,-1.4,0.0,0.0,256,974.7,1020.7,0.0,0,0.0,0.0,0.0,0.0,0.0,0.0,--
2020/11/29 1:12,19.6,56,-1.4,97,-1.8,-1.4,0.0,0.0,256,974.7,1020.7,0.0,0,0.0,0.0,0.0,0.0,0.0,0.0,--
2020/11/29 1:17,19.6,56,-1.3,97,-1.7,-1.3,0.0,0.0,256,974.6,1020.6,0.0,0,0.0,0.0,0.0,0.0,0.0,0.0,--
2020/11/29 1:22,19.6,56,-1.4,97,-1.8,-1.4,0.0,0.0,256,974.6,1020.6,0.0,0,0.0,0.0,0.0,0.0,0.0,0.0,--
2020/11/29 1:27,19.5,56,-1.4,97,-1.8,-1.4,0.0,0.0,256,974.6,1020.6,0.0,0,0.0,0.0,0.0,0.0,0.0,0.0,--
2020/11/29 1:32,19.5,56,-1.4,97,-1.8,-1.4,0.0,0.0,256,974.5,1020.5,0.0,0,0.0,0.0,0.0,0.0,0.0,0.0,--
2020/11/29 1:37,19.4,56,-1.3,97,-1.7,-1.3,0.0,0.0,256,974.4,1020.4,0.0,0,0.0,0.0,0.0,0.0,0.0,0.0,--
2020/11/29 1:42,19.4,56,-1.3,97,-1.7,-1.3,0.0,0.0,256,974.6,1020.6,0.0,0,0.0,0.0,0.0,0.0,0.0,0.0,--
2020/11/29 1:47,19.3,56,-1.3,97,-1.7,-1.3,0.0,0.0,256,974.5,1020.5,0.0,0,0.0,0.0,0.0,0.0,0.0,0.0,--
2020/11/29 1:52,19.3,56,-1.3,97,-1.7,-1.3,0.0,0.0,256,974.5,1020.5,0.0,0,0.0,0.0,0.0,0.0,0.0,0.0,--
2020/11/29 1:57,19.2,56,-1.4,97,-1.8,-1.4,0.0,0.0,256,974.4,1020.4,0.0,0,0.0,0.0,0.0,0.0,0.0,0.0,--
2020/11/29 2:02,19.2,56,-1.3,97,-1.7,-1.3,0.0,0.0,256,974.4,1020.4,0.0,0,0.0,0.0,0.0,0.0,0.0,0.0,--
2020/11/29 2:07,19.1,56,-1.4,97,-1.8,-1.4,0.0,0.0,256,974.4,1020.4,0.0,0,0.0,0.0,0.0,0.0,0.0,0.0,--
2020/11/29 2:12,19.0,56,-1.3,97,-1.7,-1.3,0.0,0.0,256,974.7,1020.7,0.0,0,0.0,0.0,0.0,0.0,0.0,0.0,--
2020/11/29 2:17,19.0,57,-1.3,97,-1.7,-1.3,0.0,0.0,256,974.5,1020.5,0.0,0,0.0,0.0,0.0,0.0,0.0,0.0,--
2020/11/29 2:22,18.9,57,-1.3,97,-1.7,-1.3,0.0,0.0,256,974.3,1020.3,0.0,0,0.0,0.0,0.0,0.0,0.0,0.0,--
2020/11/29 2:27,18.9,57,-1.4,97,-1.8,-1.4,0.0,0.0,256,974.5,1020.5,0.0,0,0.0,0.0,0.0,0.0,0.0,0.0,--
2020/11/29 2:32,18.8,57,-1.4,97,-1.8,-1.4,0.0,0.0,256,974.3,1020.3,0.0,0,0.0,0.0,0.0,0.0,0.0,0.0,--
2020/11/29 2:37,18.8,57,-1.4,98,-1.7,-1.4,0.0,0.0,256,974.5,1020.5,0.0,0,0.0,0.0,0.0,0.0,0.0,0.0,--
2020/11/29 2:42,18.8,57,-1.4,97,-1.8,-1.4,0.0,0.0,256,974.4,1020.4,0.0,0,0.0,0.0,0.0,0.0,0.0,0.0,--
2020/11/29 2:47,18.7,57,-1.3,98,-1.6,-1.3,0.0,0.0,256,974.4,1020.4,0.0,0,0.0,0.0,0.0,0.0,0.0,0.0,--
2020/11/29 2:52,18.7,57,-1.3,98,-1.6,-1.3,0.0,0.0,256,974.3,1020.3,0.0,0,0.0,0.0,0.0,0.0,0.0,0.0,--
2020/11/29 2:57,18.6,57,-1.3,98,-1.6,-1.3,0.0,0.0,256,974.4,1020.4,0.0,0,0.0,0.0,0.0,0.0,0.0,0.0,--
2020/11/29 3:02,18.6,57,-1.3,98,-1.6,-1.3,0.0,0.0,256,974.3,1020.3,0.0,0,0.0,0.0,0.0,0.0,0.0,0.0,--
2020/11/29 3:07,18.6,57,-1.3,98,-1.6,-1.3,0.0,0.0,256,974.2,1020.2,0.0,0,0.0,0.0,0.0,0.0,0.0,0.0,--
2020/11/29 3:12,18.5,57,-1.2,97,-1.6,-1.2,0.0,0.0,256,974.2,1020.2,0.0,0,0.0,0.0,0.0,0.0,0.0,0.0,--
2020/11/29 3:17,18.4,57,-1.2,97,-1.6,-1.2,0.0,0.0,256,974.4,1020.4,0.0,0,0.0,0.0,0.0,0.0,0.0,0.0,--
2020/11/29 3:22,18.4,57,-1.2,97,-1.6,-1.2,0.0,0.0,256,974.3,1020.3,0.0,0,0.0,0.0,0.0,0.0,0.0,0.0,--
2020/11/29 3:27,18.4,57,-1.2,97,-1.6,-1.2,0.0,0.0,256,974.3,1020.3,0.0,0,0.0,0.0,0.0,0.0,0.0,0.0,--
2020/11/29 3:32,18.3,57,-1.2,97,-1.6,-1.2,0.0,0.0,256,974.4,1020.4,0.0,0,0.0,0.0,0.0,0.0,0.0,0.0,--
2020/11/29 3:37,18.3,57,-1.2,97,-1.6,-1.2,0.0,0.0,256,974.2,1020.2,0.0,0,0.0,0.0,0.0,0.0,0.0,0.0,--
2020/11/29 3:42,18.3,57,-1.1,97,-1.5,-1.1,0.0,0.0,256,974.4,1020.4,0.0,0,0.0,0.0,0.0,0.0,0.0,0.0,--
2020/11/29 3:47,18.2,57,-1.1,97,-1.5,-1.1,0.0,0.0,256,974.4,1020.4,0.0,0,0.0,0.0,0.0,0.0,0.0,0.0,--
2020/11/29 3:52,18.2,57,-1.1,97,-1.5,-1.1,0.0,0.0,256,974.3,1020.3,0.0,0,0.0,0.0,0.0,0.0,0.0,0.0,--
2020/11/29 3:57,18.1,57,-1.2,97,-1.6,-1.2,0.0,0.0,256,974.1,1020.1,0.0,0,0.0,0.0,0.0,0.0,0.0,0.0,--
2020/11/29 4:02,18.1,57,-1.2,97,-1.6,-1.2,0.0,0.0,256,974.2,1020.2,0.0,0,0.0,0.0,0.0,0.0,0.0,0.0,--
2020/11/29 4:07,18.1,57,-1.2,97,-1.6,-1.2,0.0,0.0,256,974.1,1020.1,0.0,0,0.0,0.0,0.0,0.0,0.0,0.0,--
2020/11/29 4:12,18.1,57,-1.2,97,-1.6,-1.2,0.0,0.0,256,974.0,1020.0,0.0,0,0.0,0.0,0.0,0.0,0.0,0.0,--
2020/11/29 4:17,18.0,57,-1.2,97,-1.6,-1.2,0.0,0.0,256,974.1,1020.1,0.0,0,0.0,0.0,0.0,0.0,0.0,0.0,--
2020/11/29 4:22,18.0,57,-1.2,98,-1.5,-1.2,0.0,0.0,256,974.1,1020.1,0.0,0,0.0,0.0,0.0,0.0,0.0,0.0,--
2020/11/29 4:27,18.0,57,-1.2,98,-1.5,-1.2,0.0,0.0,256,974.2,1020.2,0.0,0,0.0,0.0,0.0,0.0,0.0,0.0,--
2020/11/29 4:32,17.9,57,-1.2,98,-1.5,-1.2,0.0,0.0,256,974.0,1020.0,0.0,0,0.0,0.0,0.0,0.0,0.0,0.0,--
2020/11/29 4:37,17.9,57,-1.2,98,-1.5,-1.2,0.0,0.0,256,974.0,1020.0,0.0,0,0.0,0.0,0.0,0.0,0.0,0.0,--
2020/11/29 4:42,17.9,57,-1.1,98,-1.4,-1.1,0.0,0.0,256,974.0,1020.0,0.0,0,0.0,0.0,0.0,0.0,0.0,0.0,--
2020/11/29 4:47,17.8,57,-1.1,98,-1.4,-1.1,0.0,0.0,256,974.1,1020.1,0.0,0,0.0,0.0,0.0,0.0,0.0,0.0,--
2020/11/29 4:52,17.8,57,-1.1,98,-1.4,-1.1,0.0,0.0,256,973.9,1019.9,0.0,0,0.0,0.0,0.0,0.0,0.0,0.0,--
2020/11/29 4:57,17.8,57,-1.1,98,-1.4,-1.1,0.0,0.0,256,974.1,1020.1,0.0,0,0.0,0.0,0.0,0.0,0.0,0.0,--
2020/11/29 5:02,17.7,57,-1.1,98,-1.4,-1.1,0.0,0.0,256,974.2,1020.2,0.0,0,0.0,0.0,0.0,0.0,0.0,0.0,--
2020/11/29 5:07,17.7,57,-1.1,98,-1.4,-1.1,0.0,0.0,256,974.1,1020.1,0.0,0,0.0,0.0,0.0,0.0,0.0,0.0,--
2020/11/29 5:12,17.7,58,-1.1,98,-1.4,-1.1,0.0,0.0,256,974.1,1020.1,0.0,0,0.0,0.0,0.0,0.0,0.0,0.0,--
2020/11/29 5:17,17.7,58,-1.1,98,-1.4,-1.1,0.0,0.0,256,974.2,1020.2,0.0,0,0.0,0.0,0.0,0.0,0.0,0.0,--
2020/11/29 5:22,17.7,58,-1.1,98,-1.4,-1.1,0.0,0.0,256,974.1,1020.1,0.0,0,0.0,0.0,0.0,0.0,0.0,0.0,--
2020/11/29 5:27,17.6,58,-1.1,98,-1.4,-1.1,0.0,0.0,256,974.2,1020.2,0.0,0,0.0,0.0,0.0,0.0,0.0,0.0,--
2020/11/29 5:32,17.6,58,-1.1,98,-1.4,-1.1,0.0,0.0,256,974.0,1020.0,0.0,0,0.0,0.0,0.0,0.0,0.0,0.0,--
2020/11/29 5:37,17.6,58,-1.1,98,-1.4,-1.1,0.0,0.0,256,974.0,1020.0,0.0,0,0.0,0.0,0.0,0.0,0.0,0.0,--
2020/11/29 5:42,17.6,58,-1.0,98,-1.3,-1.0,0.0,0.0,257,974.0,1020.0,0.0,0,0.0,0.0,0.0,0.0,0.0,0.0,--
2020/11/29 5:47,17.6,58,-1.0,98,-1.3,-1.0,0.0,0.0,257,974.3,1020.3,0.0,0,0.0,0.0,0.0,0.0,0.0,0.0,--
2020/11/29 5:52,17.5,58,-1.0,98,-1.3,-1.0,0.0,0.0,257,974.3,1020.3,0.0,0,0.0,0.0,0.0,0.0,0.0,0.0,--
2020/11/29 5:57,17.5,58,-1.0,98,-1.3,-1.0,0.0,0.0,257,974.2,1020.2,0.0,0,0.0,0.0,0.0,0.0,0.0,0.0,--
2020/11/29 6:02,17.5,58,-1.0,98,-1.3,-1.0,0.0,0.0,257,974.2,1020.2,0.0,0,0.0,0.0,0.0,0.0,0.0,0.0,--
2020/11/29 6:07,17.5,58,-1.0,98,-1.3,-1.0,0.0,0.0,257,974.0,1020.0,0.0,0,0.0,0.0,0.0,0.0,0.0,0.0,--
2020/11/29 6:12,17.4,58,-1.0,98,-1.3,-1.0,0.0,0.0,257,974.1,1020.1,0.0,0,0.0,0.0,0.0,0.0,0.0,0.0,--
2020/11/29 6:17,17.4,58,-1.0,98,-1.3,-1.0,0.0,0.0,257,974.2,1020.2,0.0,0,0.0,0.0,0.0,0.0,0.0,0.0,--
2020/11/29 6:22,17.4,58,-0.9,98,-1.2,-0.9,0.0,0.0,257,974.4,1020.4,0.0,0,0.0,0.0,0.0,0.0,0.0,0.0,--
2020/11/29 6:27,17.4,58,-0.9,98,-1.2,-0.9,0.0,0.0,257,974.2,1020.2,0.0,0,0.0,0.0,0.0,0.0,0.0,0.0,--
2020/11/29 6:32,17.4,58,-0.9,98,-1.2,-0.9,0.0,0.0,257,974.4,1020.4,0.0,0,0.0,0.0,0.0,0.0,0.0,0.0,--
2020/11/29 6:37,17.5,58,-0.9,98,-1.2,-0.9,0.0,0.0,257,974.3,1020.3,0.0,0,0.0,0.0,0.0,0.0,0.0,0.0,--
2020/11/29 6:42,17.6,58,-0.9,98,-1.2,-0.9,0.0,0.0,257,974.5,1020.5,0.0,0,0.0,0.0,0.0,0.0,0.0,0.0,--
2020/11/29 6:47,17.7,58,-0.9,98,-1.2,-0.9,0.0,0.0,257,974.5,1020.5,0.0,0,0.0,0.0,0.0,0.0,0.0,0.0,--
2020/11/29 6:52,17.8,58,-0.9,98,-1.2,-0.9,0.0,0.0,257,974.3,1020.3,0.0,0,0.0,0.0,0.0,0.0,0.0,0.0,--
2020/11/29 6:57,18.0,57,-0.9,98,-1.2,-0.9,0.0,0.0,257,974.4,1020.4,0.0,0,0.0,0.0,0.0,0.0,0.0,0.0,--
2020/11/29 7:02,18.1,57,-0.9,98,-1.2,-0.9,0.0,0.0,257,974.6,1020.6,0.0,0,0.0,0.0,0.0,0.0,0.0,0.0,--
2020/11/29 7:07,18.2,57,-0.9,98,-1.2,-0.9,0.0,0.0,257,974.4,1020.4,0.0,0,0.0,0.0,0.0,0.0,0.0,0.0,--
2020/11/29 7:12,18.3,57,-0.9,98,-1.2,-0.9,0.0,0.0,257,974.5,1020.5,0.0,0,0.0,0.0,0.0,0.0,0.0,0.0,--
2020/11/29 7:17,18.4,57,-0.9,98,-1.2,-0.9,0.0,0.0,257,974.7,1020.7,0.0,0,0.0,0.0,0.0,0.0,0.0,0.0,--
2020/11/29 7:22,18.4,57,-0.9,98,-1.2,-0.9,0.0,0.0,257,974.8,1020.8,0.0,0,0.0,0.0,0.0,0.0,0.0,0.0,--
2020/11/29 7:27,18.5,57,-0.9,98,-1.2,-0.9,0.0,0.0,257,974.8,1020.8,0.0,0,0.0,0.0,0.0,0.0,0.0,0.0,--
2020/11/29 7:32,18.6,57,-0.9,98,-1.2,-0.9,0.0,0.0,257,974.6,1020.6,0.0,0,0.0,0.0,0.0,0.0,0.0,0.0,--
2020/11/29 7:37,18.6,57,-0.9,98,-1.2,-0.9,0.0,0.0,257,974.5,1020.5,0.3,0,0.0,0.0,0.0,0.0,0.0,0.0,--
2020/11/29 7:42,18.7,57,-0.8,98,-1.1,-0.8,0.0,0.0,257,974.6,1020.6,1.2,0,0.0,0.0,0.0,0.0,0.0,0.0,--
2020/11/29 7:47,18.7,57,-0.8,98,-1.1,-0.8,0.0,0.0,257,974.7,1020.7,2.9,0,0.0,0.0,0.0,0.0,0.0,0.0,--
2020/11/29 7:52,18.7,56,-0.8,98,-1.1,-0.8,0.0,0.0,257,974.6,1020.6,3.4,0,0.0,0.0,0.0,0.0,0.0,0.0,--
2020/11/29 7:57,18.8,56,-0.7,98,-1.0,-0.7,0.0,0.0,257,974.8,1020.8,5.1,0,0.0,0.0,0.0,0.0,0.0,0.0,--
2020/11/29 8:02,18.8,56,-0.7,98,-1.0,-0.7,0.0,0.0,257,974.9,1020.9,6.8,0,0.0,0.0,0.0,0.0,0.0,0.0,--
2020/11/29 8:07,18.9,56,-0.7,98,-1.0,-0.7,0.0,0.0,256,974.8,1020.8,6.8,0,0.0,0.0,0.0,0.0,0.0,0.0,--
2020/11/29 8:12,18.9,56,-0.6,98,-0.9,-0.6,0.0,0.0,256,974.9,1020.9,8.5,0,0.0,0.0,0.0,0.0,0.0,0.0,--
2020/11/29 8:17,19.0,56,-0.6,98,-0.9,-0.6,0.0,0.0,256,974.8,1020.8,9.5,0,0.0,0.0,0.0,0.0,0.0,0.0,--
2020/11/29 8:22,19.0,56,-0.6,98,-0.9,-0.6,0.0,0.0,256,975.1,1021.1,11.2,0,0.0,0.0,0.0,0.0,0.0,0.0,--
2020/11/29 8:27,19.0,56,-0.6,98,-0.9,-0.6,0.0,0.0,256,975.0,1021.0,13.3,0,0.0,0.0,0.0,0.0,0.0,0.0,--
2020/11/29 8:32,19.0,56,-0.6,98,-0.9,-0.6,0.0,0.0,256,975.0,1021.0,15.5,0,0.0,0.0,0.0,0.0,0.0,0.0,--
2020/11/29 8:37,19.1,56,-0.5,98,-0.8,-0.5,0.0,0.0,256,975.0,1021.0,18.5,0,0.0,0.0,0.0,0.0,0.0,0.0,--
2020/11/29 8:42,19.1,56,-0.4,98,-0.7,-0.4,0.0,0.0,256,975.1,1021.1,22.8,0,0.0,0.0,0.0,0.0,0.0,0.0,--
2020/11/29 8:47,19.3,57,-0.4,98,-0.7,-0.4,0.0,0.0,256,975.0,1021.0,23.3,0,0.0,0.0,0.0,0.0,0.0,0.0,--
2020/11/29 8:52,19.4,57,-0.3,98,-0.6,-0.3,0.0,0.0,256,975.1,1021.1,25.0,0,0.0,0.0,0.0,0.0,0.0,0.0,--
2020/11/29 8:57,19.5,57,-0.4,97,-0.8,-0.4,0.0,0.0,256,975.1,1021.1,28.9,0,0.0,0.0,0.0,0.0,0.0,0.0,--
2020/11/29 9:02,19.6,57,-0.3,97,-0.7,-0.3,0.0,0.0,256,975.1,1021.1,32.9,0,0.0,0.0,0.0,0.0,0.0,0.0,--
2020/11/29 9:07,19.7,57,-0.3,97,-0.7,-0.3,0.0,0.0,256,975.2,1021.2,33.7,0,0.0,0.0,0.0,0.0,0.0,0.0,--
2020/11/29 9:12,19.7,56,-0.3,97,-0.7,-0.3,0.0,0.0,256,975.4,1021.4,37.6,0,0.0,0.0,0.0,0.0,0.0,0.0,--
2020/11/29 9:17,19.8,56,-0.3,97,-0.7,-0.3,0.0,0.0,256,975.1,1021.1,39.0,0,0.0,0.0,0.0,0.0,0.0,0.0,--
2020/11/29 9:22,19.9,56,-0.2,97,-0.6,-0.2,0.0,0.0,256,975.3,1021.3,46.3,0,0.0,0.0,0.0,0.0,0.0,0.0,--
2020/11/29 9:27,20.0,56,-0.2,96,-0.7,-0.2,0.0,0.0,256,975.2,1021.2,46.3,0,0.0,0.0,0.0,0.0,0.0,0.0,--
2020/11/29 9:32,20.1,56,-0.1,97,-0.5,-0.1,0.0,0.0,256,975.4,1021.4,47.7,0,0.0,0.0,0.0,0.0,0.0,0.0,--
2020/11/29 9:37,20.2,56,0.0,96,-0.5,0.0,0.0,0.0,256,975.4,1021.4,51.9,0,0.0,0.0,0.0,0.0,0.0,0.0,--
2020/11/29 9:42,20.2,56,0.1,95,-0.6,0.1,0.0,0.0,256,975.4,1021.4,55.9,0,0.0,0.0,0.0,0.0,0.0,0.0,--
2020/11/29 9:47,20.2,56,0.2,96,-0.3,0.2,0.0,0.0,256,975.5,1021.5,62.8,0,0.0,0.0,0.0,0.0,0.0,0.0,--
2020/11/29 9:52,20.3,56,0.3,96,-0.2,0.3,0.0,0.0,256,975.6,1021.6,71.0,0,0.0,0.0,0.0,0.0,0.0,0.0,--
2020/11/29 9:57,20.3,56,0.2,95,-0.5,0.2,0.0,0.0,257,975.5,1021.5,79.7,0,0.0,0.0,0.0,0.0,0.0,0.0,--
2020/11/29 10:02,20.3,56,0.3,96,-0.2,0.3,0.0,0.0,257,975.4,1021.4,79.7,0,0.0,0.0,0.0,0.0,0.0,0.0,--
2020/11/29 10:07,20.4,56,0.4,96,-0.1,0.4,0.1,0.5,257,975.6,1021.6,77.1,0,0.0,0.0,0.0,0.0,0.0,0.0,--
2020/11/29 10:12,20.4,56,0.5,96,0.0,0.5,0.5,0.5,257,975.6,1021.6,90.6,0,0.0,0.0,0.0,0.0,0.0,0.0,--
2020/11/29 10:17,20.4,56,0.5,95,-0.2,0.5,0.4,0.5,257,975.6,1021.6,96.2,0,0.0,0.0,0.0,0.0,0.0,0.0,--
2020/11/29 10:22,20.5,56,0.5,96,0.0,0.5,0.2,0.5,257,975.8,1021.8,86.2,0,0.0,0.0,0.0,0.0,0.0,0.0,--
2020/11/29 10:27,20.5,56,0.5,96,0.0,0.5,0.4,0.5,257,975.7,1021.7,94.9,0,0.0,0.0,0.0,0.0,0.0,0.0,--
2020/11/29 10:32,20.5,56,0.5,96,0.0,0.5,0.1,0.5,257,975.6,1021.6,102.7,1,0.0,0.0,0.0,0.0,0.0,0.0,--
2020/11/29 10:37,20.4,55,0.7,96,0.2,0.7,0.0,0.0,257,975.3,1021.3,116.5,1,0.0,0.0,0.0,0.0,0.0,0.0,--
2020/11/29 10:42,20.4,55,0.8,95,0.1,0.8,0.0,0.0,257,975.4,1021.4,119.2,1,0.0,0.0,0.0,0.0,0.0,0.0,--
2020/11/29 10:47,20.4,55,0.8,93,-0.3,0.8,0.3,0.5,257,975.4,1021.4,110.1,1,0.0,0.0,0.0,0.0,0.0,0.0,--
2020/11/29 10:52,20.4,56,0.9,93,-0.2,0.9,0.0,0.0,257,975.4,1021.4,122.3,1,0.0,0.0,0.0,0.0,0.0,0.0,--
2020/11/29 10:57,20.4,56,0.9,94,-0.1,0.9,0.0,0.0,257,975.3,1021.3,124.4,1,0.0,0.0,0.0,0.0,0.0,0.0,--
2020/11/29 11:02,20.4,55,1.0,93,-0.1,1.0,0.0,0.0,257,975.2,1021.2,124.0,1,0.0,0.0,0.0,0.0,0.0,0.0,--
2020/11/29 11:07,20.4,55,1.0,94,0.0,1.0,0.1,0.5,257,975.6,1021.6,111.4,1,0.0,0.0,0.0,0.0,0.0,0.0,--
2020/11/29 11:12,20.4,55,1.0,94,0.0,1.0,0.0,0.0,257,975.4,1021.4,89.3,0,0.0,0.0,0.0,0.0,0.0,0.0,--
2020/11/29 11:17,20.4,55,1.0,95,0.3,1.0,0.0,0.0,257,975.3,1021.3,100.1,1,0.0,0.0,0.0,0.0,0.0,0.0,--
2020/11/29 11:22,20.5,55,1.1,95,0.4,1.1,0.3,0.5,257,975.2,1021.2,119.2,1,0.0,0.0,0.0,0.0,0.0,0.0,--
2020/11/29 11:27,20.6,55,1.3,94,0.3,1.3,0.2,0.5,257,975.2,1021.2,104.4,1,0.0,0.0,0.0,0.0,0.0,0.0,--
2020/11/29 11:32,20.8,54,1.5,93,0.4,1.5,0.0,0.0,257,975.2,1021.2,99.3,0,0.0,0.0,0.0,0.0,0.0,0.0,--
2020/11/29 11:37,20.9,54,1.8,91,0.5,1.8,0.0,0.0,257,975.0,1021.0,113.6,1,0.0,0.0,0.0,0.0,0.0,0.0,--
2020/11/29 11:42,20.9,54,1.9,92,0.7,1.9,0.3,0.5,256,975.0,1021.0,129.1,1,0.0,0.0,0.0,0.0,0.0,0.0,--
2020/11/29 11:47,21.0,54,2.1,90,0.6,2.1,0.4,0.5,256,975.0,1021.0,117.0,1,0.0,0.0,0.0,0.0,0.0,0.0,--
2020/11/29 11:52,21.0,54,2.0,92,0.8,2.0,0.4,0.5,256,975.1,1021.1,134.4,1,0.0,0.0,0.0,0.0,0.0,0.0,--
2020/11/29 11:57,21.0,54,2.1,90,0.6,2.1,0.0,0.0,256,974.9,1020.9,109.7,1,0.0,0.0,0.0,0.0,0.0,0.0,--
2020/11/29 12:02,20.9,54,2.2,89,0.5,2.2,0.5,0.5,256,974.8,1020.8,120.9,1,0.0,0.0,0.0,0.0,0.0,0.0,--
2020/11/29 12:07,20.9,54,2.1,90,0.6,2.1,0.3,0.5,256,974.8,1020.8,86.7,0,0.0,0.0,0.0,0.0,0.0,0.0,--
2020/11/29 12:12,20.9,54,2.2,86,0.1,2.2,0.2,0.5,256,974.7,1020.7,153.5,1,0.0,0.0,0.0,0.0,0.0,0.0,--
2020/11/29 12:17,20.9,54,2.2,86,0.1,2.2,0.0,0.0,256,974.5,1020.5,168.6,1,0.0,0.0,0.0,0.0,0.0,0.0,--
2020/11/29 12:22,20.9,54,2.5,85,0.2,2.5,0.3,0.5,256,974.5,1020.5,126.6,1,0.0,0.0,0.0,0.0,0.0,0.0,--
2020/11/29 12:27,20.9,54,2.5,85,0.2,2.5,0.4,0.5,256,974.4,1020.4,139.2,1,0.0,0.0,0.0,0.0,0.0,0.0,--
2020/11/29 12:32,20.9,54,2.6,85,0.3,2.6,0.4,0.5,256,974.5,1020.5,129.1,1,0.0,0.0,0.0,0.0,0.0,0.0,--
2020/11/29 12:37,20.9,54,2.7,83,0.1,2.7,0.0,0.0,256,974.5,1020.5,126.1,1,0.0,0.0,0.0,0.0,0.0,0.0,--
2020/11/29 12:42,20.9,54,3.0,80,-0.1,3.0,0.0,0.0,256,974.5,1020.5,122.3,1,0.0,0.0,0.0,0.0,0.0,0.0,--
2020/11/29 12:47,20.9,54,3.0,83,0.4,3.0,0.3,0.5,256,974.5,1020.5,130.0,1,0.0,0.0,0.0,0.0,0.0,0.0,--
2020/11/29 12:52,20.9,54,3.1,81,0.2,3.1,0.3,0.5,256,974.6,1020.6,136.1,1,0.0,0.0,0.0,0.0,0.0,0.0,--
2020/11/29 12:57,20.9,54,3.2,82,0.4,3.2,0.4,0.5,256,974.4,1020.4,150.4,1,0.0,0.0,0.0,0.0,0.0,0.0,--
2020/11/29 13:02,20.9,54,3.3,85,1.0,3.3,0.2,0.5,256,974.3,1020.3,146.5,1,0.0,0.0,0.0,0.0,0.0,0.0,--
2020/11/29 13:07,20.9,54,3.5,84,1.0,3.5,0.5,0.5,256,974.3,1020.3,149.1,1,0.0,0.0,0.0,0.0,0.0,0.0,--
2020/11/29 13:12,20.9,54,3.4,86,1.3,3.4,0.3,0.5,256,974.4,1020.4,164.2,1,0.0,0.0,0.0,0.0,0.0,0.0,--
2020/11/29 13:17,20.8,54,3.5,86,1.4,3.5,0.4,0.5,256,974.1,1020.1,166.1,1,0.0,0.0,0.0,0.0,0.0,0.0,--
2020/11/29 13:22,20.9,54,3.9,81,0.9,3.9,0.0,0.0,256,974.2,1020.2,148.2,1,0.0,0.0,0.0,0.0,0.0,0.0,--
2020/11/29 13:27,20.9,54,3.8,86,1.7,3.8,0.5,0.5,256,974.2,1020.2,143.4,1,0.0,0.0,0.0,0.0,0.0,0.0,--
2020/11/29 13:32,20.9,54,3.3,88,1.4,3.3,0.5,0.5,256,974.1,1020.1,149.1,1,0.0,0.0,0.0,0.0,0.0,0.0,--
2020/11/29 13:37,20.9,54,3.0,88,1.1,3.0,0.6,1.0,256,974.2,1020.2,135.3,1,0.0,0.0,0.0,0.0,0.0,0.0,--
2020/11/29 13:42,20.8,54,2.6,89,0.9,2.6,0.4,0.5,256,974.0,1020.0,98.8,1,0.0,0.0,0.0,0.0,0.0,0.0,--
2020/11/29 13:47,20.8,54,2.3,90,0.8,2.3,0.1,0.5,256,973.8,1019.8,70.7,0,0.0,0.0,0.0,0.0,0.0,0.0,--
2020/11/29 13:52,20.8,54,1.9,90,0.4,1.9,0.0,0.0,256,973.9,1019.9,62.0,0,0.0,0.0,0.0,0.0,0.0,0.0,--
2020/11/29 13:57,20.7,54,1.5,92,0.3,1.5,0.4,0.5,256,974.0,1020.0,84.5,0,0.0,0.0,0.0,0.0,0.0,0.0,--
2020/11/29 14:02,20.7,54,1.4,91,0.1,1.4,0.0,0.0,256,974.0,1020.0,56.7,0,0.0,0.0,0.0,0.0,0.0,0.0,--
2020/11/29 14:07,20.6,54,1.6,90,0.1,1.6,0.0,0.0,256,973.9,1019.9,54.5,0,0.0,0.0,0.0,0.0,0.0,0.0,--
2020/11/29 14:12,20.6,54,1.9,89,0.2,1.9,0.0,0.0,256,974.0,1020.0,52.4,0,0.0,0.0,0.0,0.0,0.0,0.0,--
2020/11/29 14:17,20.7,54,1.7,90,0.2,1.7,0.0,0.0,256,974.0,1020.0,51.9,0,0.0,0.0,0.0,0.0,0.0,0.0,--
2020/11/29 14:22,20.7,54,1.3,92,0.1,1.3,0.0,0.0,256,973.7,1019.7,49.4,0,0.0,0.0,0.0,0.0,0.0,0.0,--
2020/11/29 14:27,20.7,54,1.0,94,0.0,1.0,0.0,0.0,256,973.9,1019.9,48.5,0,0.0,0.0,0.0,0.0,0.0,0.0,--
2020/11/29 14:32,20.8,54,1.0,94,0.0,1.0,0.0,0.0,256,973.8,1019.8,46.3,0,0.0,0.0,0.0,0.0,0.0,0.0,--
2020/11/29 14:37,20.8,54,1.1,94,0.1,1.1,0.0,0.0,256,973.8,1019.8,45.5,0,0.0,0.0,0.0,0.0,0.0,0.0,--
2020/11/29 14:42,20.9,53,1.2,94,0.2,1.2,0.0,0.0,256,974.0,1020.0,43.7,0,0.0,0.0,0.0,0.0,0.0,0.0,--
2020/11/29 14:47,20.9,54,1.0,94,0.0,1.0,0.0,0.0,256,973.9,1019.9,41.9,0,0.0,0.0,0.0,0.0,0.0,0.0,--
2020/11/29 14:52,20.9,54,1.0,94,0.0,1.0,0.0,0.0,256,973.8,1019.8,39.0,0,0.0,0.0,0.0,0.0,0.0,0.0,--
2020/11/29 14:57,20.9,54,1.0,94,0.0,1.0,0.0,0.0,256,974.0,1020.0,36.8,0,0.0,0.0,0.0,0.0,0.0,0.0,--
2020/11/29 15:02,20.9,54,0.9,93,-0.2,0.9,0.0,0.0,256,973.7,1019.7,35.1,0,0.0,0.0,0.0,0.0,0.0,0.0,--
2020/11/29 15:07,20.9,54,0.7,95,0.0,0.7,0.0,0.0,256,973.7,1019.7,33.7,0,0.0,0.0,0.0,0.0,0.0,0.0,--
2020/11/29 15:12,20.8,54,0.7,95,0.0,0.7,0.0,0.0,256,974.1,1020.1,32.4,0,0.0,0.0,0.0,0.0,0.0,0.0,--
2020/11/29 15:17,20.8,54,0.7,95,0.0,0.7,0.0,0.0,256,973.7,1019.7,31.5,0,0.0,0.0,0.0,0.0,0.0,0.0,--
2020/11/29 15:22,20.9,54,0.5,95,-0.2,0.5,0.0,0.0,256,974.0,1020.0,30.7,0,0.0,0.0,0.0,0.0,0.0,0.0,--
2020/11/29 15:27,21.0,54,0.5,95,-0.2,0.5,0.0,0.0,256,973.7,1019.7,28.1,0,0.0,0.0,0.0,0.0,0.0,0.0,--
2020/11/29 15:32,21.1,55,0.4,95,-0.3,0.4,0.0,0.0,256,973.9,1019.9,23.3,0,0.0,0.0,0.0,0.0,0.0,0.0,--
2020/11/29 15:37,21.2,55,0.3,95,-0.4,0.3,0.0,0.0,256,973.9,1019.9,20.7,0,0.0,0.0,0.0,0.0,0.0,0.0,--
2020/11/29 15:42,21.3,56,0.3,95,-0.4,0.3,0.0,0.0,256,973.8,1019.8,18.1,0,0.0,0.0,0.0,0.0,0.0,0.0,--
2020/11/29 15:47,21.3,56,0.4,95,-0.3,0.4,0.0,0.0,256,974.1,1020.1,15.1,0,0.0,0.0,0.0,0.0,0.0,0.0,--
2020/11/29 15:52,21.4,56,0.4,94,-0.6,0.4,0.0,0.0,256,974.0,1020.0,11.6,0,0.0,0.0,0.0,0.0,0.0,0.0,--
2020/11/29 15:57,21.4,56,0.1,95,-0.6,0.1,0.0,0.0,256,974.1,1020.1,9.5,0,0.0,0.0,0.0,0.0,0.0,0.0,--
2020/11/29 16:02,21.3,58,-0.1,96,-0.6,-0.1,0.0,0.0,256,974.1,1020.1,6.8,0,0.0,0.0,0.0,0.0,0.0,0.0,--
2020/11/29 16:07,21.3,57,-0.4,96,-0.9,-0.4,0.0,0.0,256,974.1,1020.1,4.7,0,0.0,0.0,0.0,0.0,0.0,0.0,--
2020/11/29 16:12,21.2,58,-0.3,96,-0.8,-0.3,0.0,0.0,256,974.3,1020.3,2.5,0,0.0,0.0,0.0,0.0,0.0,0.0,--
2020/11/29 16:17,21.1,58,-0.4,97,-0.8,-0.4,0.0,0.0,256,974.3,1020.3,0.8,0,0.0,0.0,0.0,0.0,0.0,0.0,--
2020/11/29 16:22,21.1,57,-0.5,96,-1.0,-0.5,0.0,0.0,256,974.3,1020.3,0.0,0,0.0,0.0,0.0,0.0,0.0,0.0,--
2020/11/29 16:27,21.0,57,-0.6,97,-1.0,-0.6,0.0,0.0,256,974.3,1020.3,0.0,0,0.0,0.0,0.0,0.0,0.0,0.0,--
2020/11/29 16:32,21.0,57,-1.1,95,-1.8,-1.1,0.0,0.0,256,974.5,1020.5,0.0,0,0.0,0.0,0.0,0.0,0.0,0.0,--
2020/11/29 16:37,21.0,57,-1.1,98,-1.4,-1.1,0.0,0.0,256,974.4,1020.4,0.0,0,0.0,0.0,0.0,0.0,0.0,0.0,--
2020/11/29 16:42,21.0,57,-0.8,98,-1.1,-0.8,0.0,0.0,256,974.5,1020.5,0.0,0,0.0,0.0,0.0,0.0,0.0,0.0,--
2020/11/29 16:47,21.0,57,-0.9,97,-1.3,-0.9,0.0,0.0,256,974.6,1020.6,0.0,0,0.0,0.0,0.0,0.0,0.0,0.0,--
2020/11/29 16:52,21.0,57,-1.1,98,-1.4,-1.1,0.1,0.5,256,974.7,1020.7,0.0,0,0.0,0.0,0.0,0.0,0.0,0.0,--
2020/11/29 16:57,21.0,57,-1.2,97,-1.6,-1.2,0.0,0.0,256,974.5,1020.5,0.0,0,0.0,0.0,0.0,0.0,0.0,0.0,--
2020/11/29 17:02,21.0,57,-1.2,98,-1.5,-1.2,0.0,0.0,256,974.5,1020.5,0.0,0,0.0,0.0,0.0,0.0,0.0,0.0,--
2020/11/29 17:07,21.0,57,-1.1,98,-1.4,-1.1,0.0,0.0,256,974.7,1020.7,0.0,0,0.0,0.0,0.0,0.0,0.0,0.0,--
2020/11/29 17:12,21.0,57,-1.2,98,-1.5,-1.2,0.0,0.0,256,974.8,1020.8,0.0,0,0.0,0.0,0.0,0.0,0.0,0.0,--
2020/11/29 17:17,21.1,57,-1.3,98,-1.6,-1.3,0.0,0.0,256,974.6,1020.6,0.0,0,0.0,0.0,0.0,0.0,0.0,0.0,--
2020/11/29 17:22,21.1,57,-1.4,98,-1.7,-1.4,0.0,0.0,256,974.8,1020.8,0.0,0,0.0,0.0,0.0,0.0,0.0,0.0,--
2020/11/29 17:27,21.1,57,-1.4,98,-1.7,-1.4,0.0,0.0,256,974.8,1020.8,0.0,0,0.0,0.0,0.0,0.0,0.0,0.0,--
2020/11/29 17:32,21.1,57,-1.6,98,-1.9,-1.6,0.0,0.0,256,974.8,1020.8,0.0,0,0.0,0.0,0.0,0.0,0.0,0.0,--
2020/11/29 17:37,21.1,57,-1.4,99,-1.6,-1.4,0.0,0.0,256,974.7,1020.7,0.0,0,0.0,0.0,0.0,0.0,0.0,0.0,--
2020/11/29 17:42,21.1,57,-1.3,99,-1.5,-1.3,0.0,0.0,256,975.0,1021.0,0.0,0,0.0,0.0,0.0,0.0,0.0,0.0,--
2020/11/29 17:47,21.1,57,-1.6,98,-1.9,-1.6,0.0,0.0,256,975.1,1021.1,0.0,0,0.0,0.0,0.0,0.0,0.0,0.0,--
2020/11/29 17:52,21.1,57,-1.6,98,-1.9,-1.6,0.0,0.0,256,975.1,1021.1,0.0,0,0.0,0.0,0.0,0.0,0.0,0.0,--
2020/11/29 17:57,21.1,57,-1.7,99,-1.9,-1.7,0.0,0.0,256,975.4,1021.4,0.0,0,0.0,0.0,0.0,0.0,0.0,0.0,--
2020/11/29 18:02,21.0,57,-1.9,98,-2.2,-1.9,0.0,0.0,256,975.3,1021.3,0.0,0,0.0,0.0,0.0,0.0,0.0,0.0,--
2020/11/29 18:07,21.0,57,-2.1,98,-2.4,-2.1,0.0,0.0,256,975.2,1021.2,0.0,0,0.0,0.0,0.0,0.0,0.0,0.0,--
2020/11/29 18:12,21.0,57,-2.1,99,-2.3,-2.1,0.0,0.0,256,975.3,1021.3,0.0,0,0.0,0.0,0.0,0.0,0.0,0.0,--
2020/11/29 18:17,21.0,57,-1.9,99,-2.1,-1.9,0.0,0.0,256,975.4,1021.4,0.0,0,0.0,0.0,0.0,0.0,0.0,0.0,--
2020/11/29 18:22,21.0,56,-2.2,99,-2.4,-2.2,0.0,0.0,256,975.4,1021.4,0.0,0,0.0,0.0,0.0,0.0,0.0,0.0,--
2020/11/29 18:27,21.0,56,-2.1,99,-2.3,-2.1,0.0,0.0,256,975.4,1021.4,0.0,0,0.0,0.0,0.0,0.0,0.0,0.0,--
2020/11/29 18:32,21.1,56,-2.1,99,-2.3,-2.1,0.0,0.0,256,975.5,1021.5,0.0,0,0.0,0.0,0.0,0.0,0.0,0.0,--
2020/11/29 18:37,21.1,56,-1.8,99,-2.0,-1.8,0.0,0.0,256,975.8,1021.8,0.0,0,0.0,0.0,0.0,0.0,0.0,0.0,--
2020/11/29 18:42,21.1,56,-2.5,99,-2.7,-2.5,0.0,0.0,256,975.6,1021.6,0.0,0,0.0,0.0,0.0,0.0,0.0,0.0,--
2020/11/29 18:47,21.0,56,-2.1,99,-2.3,-2.1,0.0,0.0,256,975.8,1021.8,0.0,0,0.0,0.0,0.0,0.0,0.0,0.0,--
2020/11/29 18:52,20.9,56,-2.5,99,-2.7,-2.5,0.0,0.0,256,975.7,1021.7,0.0,0,0.0,0.0,0.0,0.0,0.0,0.0,--
2020/11/29 18:57,20.9,56,-2.5,99,-2.7,-2.5,0.0,0.0,256,975.6,1021.6,0.0,0,0.0,0.0,0.0,0.0,0.0,0.0,--
2020/11/29 19:02,20.8,55,-2.5,99,-2.7,-2.5,0.0,0.0,256,975.8,1021.8,0.0,0,0.0,0.0,0.0,0.0,0.0,0.0,--
2020/11/29 19:07,20.7,55,-2.5,99,-2.7,-2.5,0.0,0.0,256,975.6,1021.6,0.0,0,0.0,0.0,0.0,0.0,0.0,0.0,--
2020/11/29 19:12,20.6,55,-2.5,99,-2.7,-2.5,0.0,0.0,256,975.9,1021.9,0.0,0,0.0,0.0,0.0,0.0,0.0,0.0,--
2020/11/29 19:17,20.6,55,-2.4,99,-2.6,-2.4,0.0,0.0,256,975.9,1021.9,0.0,0,0.0,0.0,0.0,0.0,0.0,0.0,--
2020/11/29 19:22,20.5,55,-2.3,99,-2.5,-2.3,0.0,0.0,256,975.7,1021.7,0.0,0,0.0,0.0,0.0,0.0,0.0,0.0,--
2020/11/29 19:27,20.4,55,-2.6,99,-2.8,-2.6,0.0,0.0,256,975.8,1021.8,0.0,0,0.0,0.0,0.0,0.0,0.0,0.0,--
2020/11/29 19:32,20.3,56,-2.5,99,-2.7,-2.5,0.0,0.0,256,976.0,1022.0,0.0,0,0.0,0.0,0.0,0.0,0.0,0.0,--
2020/11/29 19:37,20.3,56,-2.6,99,-2.8,-2.6,0.0,0.0,256,976.0,1022.0,0.0,0,0.0,0.0,0.0,0.0,0.0,0.0,--
2020/11/29 19:42,20.4,56,-2.9,99,-3.1,-2.9,0.0,0.0,256,975.8,1021.8,0.0,0,0.0,0.0,0.0,0.0,0.0,0.0,--
2020/11/29 19:47,20.4,56,-2.9,99,-3.1,-2.9,0.0,0.0,256,976.2,1022.2,0.0,0,0.0,0.0,0.0,0.0,0.0,0.0,--
2020/11/29 19:52,20.5,56,-2.7,99,-2.9,-2.7,0.0,0.0,256,976.1,1022.1,0.0,0,0.0,0.0,0.0,0.0,0.0,0.0,--
2020/11/29 19:57,20.6,56,-2.6,99,-2.8,-2.6,0.0,0.0,256,976.1,1022.1,0.0,0,0.0,0.0,0.0,0.0,0.0,0.0,--
2020/11/29 20:02,20.7,56,-2.8,99,-3.0,-2.8,0.0,0.0,256,976.1,1022.1,0.0,0,0.0,0.0,0.0,0.0,0.0,0.0,--
2020/11/29 20:07,20.8,56,-2.9,99,-3.1,-2.9,0.0,0.0,256,976.1,1022.1,0.0,0,0.0,0.0,0.0,0.0,0.0,0.0,--
2020/11/29 20:12,20.9,56,-2.7,99,-2.9,-2.7,0.0,0.0,256,976.0,1022.0,0.0,0,0.0,0.0,0.0,0.0,0.0,0.0,--
2020/11/29 20:17,21.0,56,-2.5,99,-2.7,-2.5,0.0,0.0,256,975.9,1021.9,0.0,0,0.0,0.0,0.0,0.0,0.0,0.0,--
2020/11/29 20:22,21.0,56,-2.4,99,-2.6,-2.4,0.0,0.0,256,976.1,1022.1,0.0,0,0.0,0.0,0.0,0.0,0.0,0.0,--
2020/11/29 20:27,21.1,56,-2.4,99,-2.6,-2.4,0.0,0.0,256,976.2,1022.2,0.0,0,0.0,0.0,0.0,0.0,0.0,0.0,--
2020/11/29 20:32,21.1,56,-2.4,99,-2.6,-2.4,0.0,0.0,256,976.3,1022.3,0.0,0,0.0,0.0,0.0,0.0,0.0,0.0,--
2020/11/29 20:37,21.1,55,-2.1,99,-2.3,-2.1,0.0,0.0,256,976.2,1022.2,0.0,0,0.0,0.0,0.0,0.0,0.0,0.0,--
2020/11/29 20:42,21.1,56,-2.2,99,-2.4,-2.2,0.3,0.5,256,976.3,1022.3,0.0,0,0.0,0.0,0.0,0.0,0.0,0.0,--
2020/11/29 20:47,21.1,56,-2.2,99,-2.4,-2.2,0.0,0.0,256,976.4,1022.4,0.0,0,0.0,0.0,0.0,0.0,0.0,0.0,--
2020/11/29 20:52,21.1,56,-2.3,99,-2.5,-2.3,0.0,0.0,256,976.3,1022.3,0.0,0,0.0,0.0,0.0,0.0,0.0,0.0,--
2020/11/29 20:57,21.1,56,-2.3,99,-2.5,-2.3,0.0,0.0,256,976.4,1022.4,0.0,0,0.0,0.0,0.0,0.0,0.0,0.0,--
2020/11/29 21:02,21.1,56,-2.2,99,-2.4,-2.2,0.0,0.0,256,976.4,1022.4,0.0,0,0.0,0.0,0.0,0.0,0.0,0.0,--
2020/11/29 21:07,21.1,56,-2.0,99,-2.2,-2.0,0.0,0.0,256,976.5,1022.5,0.0,0,0.0,0.0,0.0,0.0,0.0,0.0,--
2020/11/29 21:12,21.0,56,-2.0,99,-2.2,-2.0,0.1,0.5,255,976.5,1022.5,0.0,0,0.0,0.0,0.0,0.0,0.0,0.0,--
2020/11/29 21:17,21.0,56,-1.9,99,-2.1,-1.9,0.4,0.5,245,976.6,1022.6,0.0,0,0.0,0.0,0.0,0.0,0.0,0.0,--
2020/11/29 21:22,20.9,56,-1.9,99,-2.1,-1.9,0.7,1.0,227,976.8,1022.8,0.0,0,0.0,0.0,0.0,0.0,0.0,0.0,--
2020/11/29 21:27,21.0,56,-1.9,99,-2.1,-1.9,0.8,1.0,235,976.8,1022.8,0.0,0,0.0,0.0,0.0,0.0,0.0,0.0,--
2020/11/29 21:32,21.0,56,-1.8,99,-2.0,-1.8,0.5,1.0,235,976.8,1022.8,0.0,0,0.0,0.0,0.0,0.0,0.0,0.0,--
2020/11/29 21:37,21.1,56,-1.8,99,-2.0,-1.8,0.8,1.0,235,976.8,1022.8,0.0,0,0.0,0.0,0.0,0.0,0.0,0.0,--
2020/11/29 21:42,21.1,56,-1.8,99,-2.0,-1.8,0.6,1.0,233,976.8,1022.8,0.0,0,0.0,0.0,0.0,0.0,0.0,0.0,--
2020/11/29 21:47,21.1,56,-1.8,99,-2.0,-1.8,0.8,1.0,232,976.7,1022.7,0.0,0,0.0,0.0,0.0,0.0,0.0,0.0,--
2020/11/29 21:52,21.1,56,-1.8,99,-2.0,-1.8,0.5,0.5,231,976.8,1022.8,0.0,0,0.0,0.0,0.0,0.0,0.0,0.0,--
2020/11/29 21:57,21.1,56,-1.9,99,-2.1,-1.9,0.6,1.0,231,976.7,1022.7,0.0,0,0.0,0.0,0.0,0.0,0.0,0.0,--
2020/11/29 22:02,21.2,56,-2.0,99,-2.2,-2.0,0.5,0.5,231,977.0,1023.0,0.0,0,0.0,0.0,0.0,0.0,0.0,0.0,--
2020/11/29 22:07,21.2,56,-2.0,99,-2.2,-2.0,0.4,0.5,231,976.8,1022.8,0.0,0,0.0,0.0,0.0,0.0,0.0,0.0,--
2020/11/29 22:12,21.2,56,-2.1,99,-2.3,-2.1,0.0,0.0,231,976.8,1022.8,0.0,0,0.0,0.0,0.0,0.0,0.0,0.0,--
2020/11/29 22:17,21.2,56,-2.2,99,-2.4,-2.2,0.4,0.5,231,976.7,1022.7,0.0,0,0.0,0.0,0.0,0.0,0.0,0.0,--
2020/11/29 22:22,21.2,56,-2.2,99,-2.4,-2.2,0.1,0.5,231,977.0,1023.0,0.0,0,0.0,0.0,0.0,0.0,0.0,0.0,--
2020/11/29 22:27,21.3,55,-2.2,99,-2.4,-2.2,0.6,1.0,230,976.9,1022.9,0.0,0,0.0,0.0,0.0,0.0,0.0,0.0,--
2020/11/29 22:32,21.3,55,-2.2,99,-2.4,-2.2,0.4,0.5,230,977.0,1023.0,0.0,0,0.0,0.0,0.0,0.0,0.0,0.0,--
2020/11/29 22:37,21.3,55,-2.2,99,-2.4,-2.2,0.0,0.0,231,977.0,1023.0,0.0,0,0.0,0.0,0.0,0.0,0.0,0.0,--
2020/11/29 22:42,21.2,55,-2.3,99,-2.5,-2.3,0.3,0.5,230,977.2,1023.2,0.0,0,0.0,0.0,0.0,0.0,0.0,0.0,--
2020/11/29 22:47,21.2,55,-2.2,99,-2.4,-2.2,0.1,0.5,227,977.0,1023.0,0.0,0,0.0,0.0,0.0,0.0,0.0,0.0,--
2020/11/29 22:52,21.2,55,-2.2,99,-2.4,-2.2,0.4,0.5,227,977.1,1023.1,0.0,0,0.0,0.0,0.0,0.0,0.0,0.0,--
2020/11/29 22:57,21.1,55,-2.3,98,-2.6,-2.3,0.5,0.5,213,977.3,1023.3,0.0,0,0.0,0.0,0.0,0.0,0.0,0.0,--
2020/11/29 23:02,21.0,55,-2.3,98,-2.6,-2.3,1.0,1.0,210,977.1,1023.1,0.0,0,0.0,0.0,0.0,0.0,0.0,0.0,--
2020/11/29 23:07,21.0,55,-2.4,98,-2.7,-2.4,0.2,0.5,211,977.1,1023.1,0.0,0,0.0,0.0,0.0,0.0,0.0,0.0,--
2020/11/29 23:12,20.9,55,-2.4,98,-2.7,-2.4,0.5,0.5,209,977.2,1023.2,0.0,0,0.0,0.0,0.0,0.0,0.0,0.0,--
2020/11/29 23:17,20.8,55,-2.4,98,-2.7,-2.4,0.4,0.5,204,977.4,1023.4,0.0,0,0.0,0.0,0.0,0.0,0.0,0.0,--
2020/11/29 23:22,20.7,55,-2.5,99,-2.7,-2.5,0.9,1.0,181,977.3,1023.3,0.0,0,0.0,0.0,0.0,0.0,0.0,0.0,--
2020/11/29 23:27,20.6,55,-2.5,99,-2.7,-2.5,0.6,1.0,181,977.3,1023.3,0.0,0,0.0,0.0,0.0,0.0,0.0,0.0,--
2020/11/29 23:32,20.6,56,-2.6,99,-2.8,-2.6,0.0,0.0,181,977.3,1023.3,0.0,0,0.0,0.0,0.0,0.0,0.0,0.0,--
2020/11/29 23:37,20.6,56,-2.6,99,-2.8,-2.6,0.6,1.0,181,977.4,1023.4,0.0,0,0.0,0.0,0.0,0.0,0.0,0.0,--
2020/11/29 23:42,20.5,56,-2.6,99,-2.8,-2.6,0.6,1.0,184,977.3,1023.3,0.0,0,0.0,0.0,0.0,0.0,0.0,0.0,--
2020/11/29 23:47,20.4,56,-2.7,99,-2.9,-2.7,0.0,0.0,186,977.4,1023.4,0.0,0,0.0,0.0,0.0,0.0,0.0,0.0,--
2020/11/29 23:52,20.4,56,-2.7,99,-2.9,-2.7,0.2,0.5,186,977.4,1023.4,0.0,0,0.0,0.0,0.0,0.0,0.0,0.0,--
2020/11/29 23:57,20.3,56,-2.8,99,-3.0,-2.8,0.3,0.5,185,977.4,1023.4,0.0,0,0.0,0.0,0.0,0.0,0.0,0.0,--
2020/11/30 0:00,20.3,56,-2.8,99,-3.0,-2.8,0.0,0.0,185,977.5,1023.5,0.0,0,0.0,0.0,0.0,0.0,0.0,0.0,--
2020/11/30 0:02,20.3,56,-2.8,99,-3.0,-2.8,0.2,0.5,185,977.6,1023.6,0.0,0,0.0,0.0,0.0,0.0,0.0,0.0,--
2020/11/30 0:07,20.3,56,-2.7,99,-2.9,-2.7,0.2,0.5,185,977.4,1023.4,0.0,0,0.0,0.0,0.0,0.0,0.0,0.0,--
2020/11/30 0:12,20.2,56,-2.7,99,-2.9,-2.7,0.0,0.0,185,977.6,1023.6,0.0,0,0.0,0.0,0.0,0.0,0.0,0.0,--
2020/11/30 0:17,20.2,56,-2.7,99,-2.9,-2.7,0.1,0.5,185,977.5,1023.5,0.0,0,0.0,0.0,0.0,0.0,0.0,0.0,--
2020/11/30 0:22,20.2,56,-2.7,99,-2.9,-2.7,0.0,0.0,185,977.4,1023.4,0.0,0,0.0,0.0,0.0,0.0,0.0,0.0,--
2020/11/30 0:27,20.2,56,-2.7,99,-2.9,-2.7,0.4,0.5,184,977.2,1023.2,0.0,0,0.0,0.0,0.0,0.0,0.0,0.0,--
2020/11/30 0:32,20.1,56,-2.8,99,-3.0,-2.8,0.1,0.5,184,977.5,1023.5,0.0,0,0.0,0.0,0.0,0.0,0.0,0.0,--
2020/11/30 0:37,20.1,56,-2.7,99,-2.9,-2.7,0.6,1.0,182,977.5,1023.5,0.0,0,0.0,0.0,0.0,0.0,0.0,0.0,--
2020/11/30 0:42,20.1,56,-2.6,99,-2.8,-2.6,0.7,1.0,181,977.2,1023.2,0.0,0,0.0,0.0,0.0,0.0,0.0,0.0,--
2020/11/30 0:47,20.0,56,-2.6,99,-2.8,-2.6,1.0,1.0,179,977.5,1023.5,0.0,0,0.0,0.0,0.0,0.0,0.0,0.0,--
2020/11/30 0:52,20.0,56,-2.7,99,-2.9,-2.7,0.4,0.5,179,977.5,1023.5,0.0,0,0.0,0.0,0.0,0.0,0.0,0.0,--
2020/11/30 0:57,20.0,56,-2.7,98,-3.0,-2.7,1.0,1.0,177,977.4,1023.4,0.0,0,0.0,0.0,0.0,0.0,0.0,0.0,--
2020/11/30 1:02,20.0,56,-2.6,98,-2.9,-2.6,0.7,1.0,178,977.7,1023.7,0.0,0,0.0,0.0,0.0,0.0,0.0,0.0,--
2020/11/30 1:07,19.9,56,-2.6,98,-2.9,-2.6,0.6,1.0,177,977.7,1023.7,0.0,0,0.0,0.0,0.0,0.0,0.0,0.0,--
2020/11/30 1:12,19.9,56,-2.6,97,-3.0,-2.6,0.5,0.5,177,977.5,1023.5,0.0,0,0.0,0.0,0.0,0.0,0.0,0.0,--
2020/11/30 1:17,19.9,56,-2.5,97,-2.9,-2.5,0.1,0.5,177,977.6,1023.6,0.0,0,0.0,0.0,0.0,0.0,0.0,0.0,--
2020/11/30 1:22,19.9,56,-2.6,97,-3.0,-2.6,0.1,0.5,177,977.7,1023.7,0.0,0,0.0,0.0,0.0,0.0,0.0,0.0,--
2020/11/30 1:27,19.8,56,-2.6,97,-3.0,-2.6,0.2,0.5,177,977.7,1023.7,0.0,0,0.0,0.0,0.0,0.0,0.0,0.0,--
2020/11/30 1:32,19.8,56,-2.7,97,-3.1,-2.7,0.0,0.0,178,977.9,1023.9,0.0,0,0.0,0.0,0.0,0.0,0.0,0.0,--
2020/11/30 1:37,19.8,56,-2.7,97,-3.1,-2.7,0.0,0.0,178,977.8,1023.8,0.0,0,0.0,0.0,0.0,0.0,0.0,0.0,--
2020/11/30 1:42,19.8,56,-2.7,97,-3.1,-2.7,0.0,0.0,178,977.8,1023.8,0.0,0,0.0,0.0,0.0,0.0,0.0,0.0,--
2020/11/30 1:47,19.8,56,-2.7,97,-3.1,-2.7,0.0,0.0,178,977.7,1023.7,0.0,0,0.0,0.0,0.0,0.0,0.0,0.0,--
2020/11/30 1:52,19.8,56,-2.8,96,-3.3,-2.8,0.0,0.0,178,977.8,1023.8,0.0,0,0.0,0.0,0.0,0.0,0.0,0.0,--
2020/11/30 1:57,19.8,56,-3.2,96,-3.7,-3.2,0.0,0.0,178,977.8,1023.8,0.0,0,0.0,0.0,0.0,0.0,0.0,0.0,--
2020/11/30 2:02,19.7,56,-3.4,97,-3.8,-3.4,0.0,0.0,178,978.0,1024.0,0.0,0,0.0,0.0,0.0,0.0,0.0,0.0,--
2020/11/30 2:07,19.7,56,-3.5,98,-3.8,-3.5,0.0,0.0,178,977.9,1023.9,0.0,0,0.0,0.0,0.0,0.0,0.0,0.0,--
2020/11/30 2:12,19.7,56,-3.2,98,-3.5,-3.2,0.0,0.0,178,977.9,1023.9,0.0,0,0.0,0.0,0.0,0.0,0.0,0.0,--
2020/11/30 2:17,19.7,56,-2.8,97,-3.2,-2.8,0.1,0.5,178,978.0,1024.0,0.0,0,0.0,0.0,0.0,0.0,0.0,0.0,--
2020/11/30 2:22,19.7,56,-2.7,97,-3.1,-2.7,0.0,0.0,178,977.9,1023.9,0.0,0,0.0,0.0,0.0,0.0,0.0,0.0,--
2020/11/30 2:27,19.6,56,-2.6,97,-3.0,-2.6,0.4,0.5,178,977.9,1023.9,0.0,0,0.0,0.0,0.0,0.0,0.0,0.0,--
2020/11/30 2:32,19.6,56,-2.5,97,-2.9,-2.5,0.3,0.5,178,978.1,1024.1,0.0,0,0.0,0.0,0.0,0.0,0.0,0.0,--
2020/11/30 2:37,19.6,56,-2.5,97,-2.9,-2.5,0.0,0.0,178,978.2,1024.2,0.0,0,0.0,0.0,0.0,0.0,0.0,0.0,--
2020/11/30 2:42,19.6,56,-2.5,97,-2.9,-2.5,0.0,0.0,178,978.0,1024.0,0.0,0,0.0,0.0,0.0,0.0,0.0,0.0,--
2020/11/30 2:47,19.6,56,-2.5,96,-3.0,-2.5,0.0,0.0,178,977.8,1023.8,0.0,0,0.0,0.0,0.0,0.0,0.0,0.0,--
2020/11/30 2:52,19.5,56,-2.4,96,-2.9,-2.4,0.0,0.0,178,978.1,1024.1,0.0,0,0.0,0.0,0.0,0.0,0.0,0.0,--
2020/11/30 2:57,19.5,56,-2.4,96,-2.9,-2.4,0.2,0.5,178,977.8,1023.8,0.0,0,0.0,0.0,0.0,0.0,0.0,0.0,--
2020/11/30 3:02,19.5,56,-2.4,97,-2.8,-2.4,0.0,0.0,178,978.0,1024.0,0.0,0,0.0,0.0,0.0,0.0,0.0,0.0,--
2020/11/30 3:07,19.5,56,-2.3,97,-2.7,-2.3,0.0,0.0,178,978.1,1024.1,0.0,0,0.0,0.0,0.0,0.0,0.0,0.0,--
2020/11/30 3:12,19.5,56,-2.3,97,-2.7,-2.3,0.0,0.0,178,977.8,1023.8,0.0,0,0.0,0.0,0.0,0.0,0.0,0.0,--
2020/11/30 3:17,19.5,56,-2.2,97,-2.6,-2.2,0.0,0.0,178,977.9,1023.9,0.0,0,0.0,0.0,0.0,0.0,0.0,0.0,--
2020/11/30 3:22,19.5,56,-2.3,96,-2.8,-2.3,0.0,0.0,178,977.9,1023.9,0.0,0,0.0,0.0,0.0,0.0,0.0,0.0,--
2020/11/30 3:27,19.5,56,-2.4,96,-2.9,-2.4,0.0,0.0,178,977.9,1023.9,0.0,0,0.0,0.0,0.0,0.0,0.0,0.0,--
2020/11/30 3:32,19.5,56,-2.6,97,-3.0,-2.6,0.0,0.0,178,977.9,1023.9,0.0,0,0.0,0.0,0.0,0.0,0.0,0.0,--
2020/11/30 3:37,19.5,56,-2.6,97,-3.0,-2.6,0.0,0.0,178,977.9,1023.9,0.0,0,0.0,0.0,0.0,0.0,0.0,0.0,--
2020/11/30 3:42,19.5,56,-2.6,97,-3.0,-2.6,0.0,0.0,178,977.9,1023.9,0.0,0,0.0,0.0,0.0,0.0,0.0,0.0,--
2020/11/30 3:47,19.4,56,-2.6,97,-3.0,-2.6,0.0,0.0,178,977.8,1023.8,0.0,0,0.0,0.0,0.0,0.0,0.0,0.0,--
2020/11/30 3:52,19.4,56,-2.3,97,-2.7,-2.3,0.5,0.5,178,977.9,1023.9,0.0,0,0.0,0.0,0.0,0.0,0.0,0.0,--
2020/11/30 3:57,19.4,56,-2.2,97,-2.6,-2.2,0.2,0.5,178,977.9,1023.9,0.0,0,0.0,0.0,0.0,0.0,0.0,0.0,--
2020/11/30 4:02,19.4,56,-2.2,97,-2.6,-2.2,0.4,0.5,178,977.9,1023.9,0.0,0,0.0,0.0,0.0,0.0,0.0,0.0,--
2020/11/30 4:07,19.4,56,-2.1,97,-2.5,-2.1,0.0,0.0,178,978.0,1024.0,0.0,0,0.0,0.0,0.0,0.0,0.0,0.0,--
2020/11/30 4:12,19.4,56,-2.2,97,-2.6,-2.2,0.0,0.0,179,978.0,1024.0,0.0,0,0.0,0.0,0.0,0.0,0.0,0.0,--
2020/11/30 4:17,19.3,56,-2.2,97,-2.6,-2.2,0.0,0.0,179,978.1,1024.1,0.0,0,0.0,0.0,0.0,0.0,0.0,0.0,--
2020/11/30 4:22,19.3,56,-2.2,97,-2.6,-2.2,0.0,0.0,179,978.1,1024.1,0.0,0,0.0,0.0,0.0,0.0,0.0,0.0,--
2020/11/30 4:27,19.3,56,-2.4,97,-2.8,-2.4,0.0,0.0,179,978.1,1024.1,0.0,0,0.0,0.0,0.0,0.0,0.0,0.0,--
2020/11/30 4:32,19.3,56,-2.3,97,-2.7,-2.3,0.0,0.0,179,978.2,1024.2,0.0,0,0.0,0.0,0.0,0.0,0.0,0.0,--
2020/11/30 4:37,19.3,56,-2.3,97,-2.7,-2.3,0.0,0.0,179,978.3,1024.3,0.0,0,0.0,0.0,0.0,0.0,0.0,0.0,--
2020/11/30 4:42,19.3,57,-2.3,97,-2.7,-2.3,0.0,0.0,179,978.3,1024.3,0.0,0,0.0,0.0,0.0,0.0,0.0,0.0,--
2020/11/30 4:47,19.4,56,-2.3,97,-2.7,-2.3,0.0,0.0,179,978.4,1024.4,0.0,0,0.0,0.0,0.0,0.0,0.0,0.0,--
2020/11/30 4:52,19.5,56,-2.2,97,-2.6,-2.2,0.0,0.0,179,978.3,1024.3,0.0,0,0.0,0.0,0.0,0.0,0.0,0.0,--
2020/11/30 4:57,19.6,56,-2.1,97,-2.5,-2.1,0.0,0.0,179,978.3,1024.3,0.0,0,0.0,0.0,0.0,0.0,0.0,0.0,--
2020/11/30 5:02,19.6,56,-2.1,97,-2.5,-2.1,0.0,0.0,179,978.4,1024.4,0.0,0,0.0,0.0,0.0,0.0,0.0,0.0,--
2020/11/30 5:07,19.7,56,-2.1,97,-2.5,-2.1,0.0,0.0,179,978.3,1024.3,0.0,0,0.0,0.0,0.0,0.0,0.0,0.0,--
2020/11/30 5:12,19.8,56,-2.1,97,-2.5,-2.1,0.0,0.0,179,978.2,1024.2,0.0,0,0.0,0.0,0.0,0.0,0.0,0.0,--
2020/11/30 5:17,19.8,56,-2.1,97,-2.5,-2.1,0.0,0.0,179,978.3,1024.3,0.0,0,0.0,0.0,0.0,0.0,0.0,0.0,--
2020/11/30 5:22,19.9,56,-2.2,97,-2.6,-2.2,0.0,0.0,179,978.5,1024.5,0.0,0,0.0,0.0,0.0,0.0,0.0,0.0,--
2020/11/30 5:27,19.9,56,-2.2,97,-2.6,-2.2,0.0,0.0,179,978.4,1024.4,0.0,0,0.0,0.0,0.0,0.0,0.0,0.0,--
2020/11/30 5:32,20.0,57,-2.1,97,-2.5,-2.1,0.0,0.0,179,978.5,1024.5,0.0,0,0.0,0.0,0.0,0.0,0.0,0.0,--
2020/11/30 5:37,20.0,57,-2.0,97,-2.4,-2.0,0.0,0.0,179,978.4,1024.4,0.0,0,0.0,0.0,0.0,0.0,0.0,0.0,--
2020/11/30 5:42,20.0,57,-1.9,97,-2.3,-1.9,0.0,0.0,179,978.6,1024.6,0.0,0,0.0,0.0,0.0,0.0,0.0,0.0,--
2020/11/30 5:47,20.0,57,-1.9,97,-2.3,-1.9,0.0,0.0,179,978.6,1024.6,0.0,0,0.0,0.0,0.0,0.0,0.0,0.0,--
2020/11/30 5:52,20.1,57,-1.8,97,-2.2,-1.8,0.0,0.0,179,978.6,1024.6,0.0,0,0.0,0.0,0.0,0.0,0.0,0.0,--
2020/11/30 5:57,20.1,57,-1.8,97,-2.2,-1.8,0.0,0.0,179,978.6,1024.6,0.0,0,0.0,0.0,0.0,0.0,0.0,0.0,--
2020/11/30 6:02,20.1,57,-1.8,97,-2.2,-1.8,0.0,0.0,179,978.7,1024.7,0.0,0,0.0,0.0,0.0,0.0,0.0,0.0,--
2020/11/30 6:07,20.1,57,-1.9,97,-2.3,-1.9,0.0,0.0,179,978.8,1024.8,0.0,0,0.0,0.0,0.0,0.0,0.0,0.0,--
2020/11/30 6:12,20.1,57,-1.8,97,-2.2,-1.8,0.0,0.0,179,978.8,1024.8,0.0,0,0.0,0.0,0.0,0.0,0.0,0.0,--
2020/11/30 6:17,20.2,56,-1.8,97,-2.2,-1.8,0.0,0.0,179,978.8,1024.8,0.0,0,0.0,0.0,0.0,0.0,0.0,0.0,--
2020/11/30 6:22,20.2,56,-1.8,97,-2.2,-1.8,0.0,0.0,179,978.9,1024.9,0.0,0,0.0,0.0,0.0,0.0,0.0,0.0,--
2020/11/30 6:27,20.2,56,-1.8,97,-2.2,-1.8,0.0,0.0,179,978.9,1024.9,0.0,0,0.0,0.0,0.0,0.0,0.0,0.0,--
2020/11/30 6:32,20.2,56,-1.8,97,-2.2,-1.8,0.0,0.0,179,978.8,1024.8,0.0,0,0.0,0.0,0.0,0.0,0.0,0.0,--
2020/11/30 6:37,20.2,56,-1.8,97,-2.2,-1.8,0.0,0.0,179,978.7,1024.7,0.0,0,0.0,0.0,0.0,0.0,0.0,0.0,--
2020/11/30 6:42,20.2,56,-1.8,97,-2.2,-1.8,0.0,0.0,179,978.9,1024.9,0.0,0,0.0,0.0,0.0,0.0,0.0,0.0,--
2020/11/30 6:47,20.2,56,-1.7,97,-2.1,-1.7,0.0,0.0,179,978.9,1024.9,0.0,0,0.0,0.0,0.0,0.0,0.0,0.0,--
2020/11/30 6:52,20.2,56,-1.6,97,-2.0,-1.6,0.1,0.5,178,978.9,1024.9,0.0,0,0.0,0.0,0.0,0.0,0.0,0.0,--
2020/11/30 6:57,20.2,56,-1.6,97,-2.0,-1.6,0.5,0.5,178,979.3,1025.3,0.0,0,0.0,0.0,0.0,0.0,0.0,0.0,--
2020/11/30 7:02,20.2,56,-1.5,97,-1.9,-1.5,0.4,0.5,178,979.3,1025.3,0.0,0,0.0,0.0,0.0,0.0,0.0,0.0,--
2020/11/30 7:07,20.2,56,-1.5,95,-2.2,-1.5,0.3,0.5,177,979.2,1025.2,0.0,0,0.0,0.0,0.0,0.0,0.0,0.0,--
2020/11/30 7:12,20.2,56,-1.6,96,-2.1,-1.6,0.0,0.0,178,979.1,1025.1,0.0,0,0.0,0.0,0.0,0.0,0.0,0.0,--
2020/11/30 7:17,20.2,56,-1.6,96,-2.1,-1.6,0.0,0.0,178,979.2,1025.2,0.0,0,0.0,0.0,0.0,0.0,0.0,0.0,--
2020/11/30 7:22,20.2,56,-1.6,96,-2.1,-1.6,0.0,0.0,178,979.3,1025.3,0.0,0,0.0,0.0,0.0,0.0,0.0,0.0,--
2020/11/30 7:27,20.2,56,-1.7,96,-2.2,-1.7,0.0,0.0,178,979.3,1025.3,0.8,0,0.0,0.0,0.0,0.0,0.0,0.0,--
2020/11/30 7:32,20.2,56,-1.7,96,-2.2,-1.7,0.0,0.0,178,979.3,1025.3,2.5,0,0.0,0.0,0.0,0.0,0.0,0.0,--
2020/11/30 7:37,20.2,56,-1.8,96,-2.3,-1.8,0.0,0.0,179,979.4,1025.4,3.4,0,0.0,0.0,0.0,0.0,0.0,0.0,--
2020/11/30 7:42,20.2,56,-1.8,96,-2.3,-1.8,0.0,0.0,179,979.5,1025.5,4.2,0,0.0,0.0,0.0,0.0,0.0,0.0,--
2020/11/30 7:47,20.2,56,-1.8,96,-2.3,-1.8,0.0,0.0,179,979.6,1025.6,5.1,0,0.0,0.0,0.0,0.0,0.0,0.0,--
2020/11/30 7:52,20.2,56,-1.8,97,-2.2,-1.8,0.0,0.0,179,979.4,1025.4,8.1,0,0.0,0.0,0.0,0.0,0.0,0.0,--
2020/11/30 7:57,20.2,56,-1.9,96,-2.4,-1.9,0.0,0.0,180,979.6,1025.6,10.7,0,0.0,0.0,0.0,0.0,0.0,0.0,--
2020/11/30 8:02,20.2,56,-1.9,96,-2.4,-1.9,0.0,0.0,180,979.7,1025.7,13.3,0,0.0,0.0,0.0,0.0,0.0,0.0,--
2020/11/30 8:07,20.3,56,-1.9,96,-2.4,-1.9,0.1,0.5,181,979.8,1025.8,18.1,0,0.0,0.0,0.0,0.0,0.0,0.0,--
2020/11/30 8:12,20.3,56,-1.9,96,-2.4,-1.9,0.4,0.5,181,979.7,1025.7,21.1,0,0.0,0.0,0.0,0.0,0.0,0.0,--
2020/11/30 8:17,20.3,56,-2.0,96,-2.5,-2.0,0.0,0.0,181,979.7,1025.7,22.8,0,0.0,0.0,0.0,0.0,0.0,0.0,--
2020/11/30 8:22,20.3,56,-2.0,96,-2.5,-2.0,0.0,0.0,181,979.7,1025.7,24.7,0,0.0,0.0,0.0,0.0,0.0,0.0,--
2020/11/30 8:27,20.3,56,-2.0,96,-2.5,-2.0,0.0,0.0,181,979.9,1025.9,27.6,0,0.0,0.0,0.0,0.0,0.0,0.0,--
2020/11/30 8:32,20.3,56,-1.9,95,-2.6,-1.9,0.0,0.0,181,979.7,1025.7,36.8,0,0.0,0.0,0.0,0.0,0.0,0.0,--
2020/11/30 8:37,20.3,56,-1.8,95,-2.5,-1.8,0.0,0.0,181,979.9,1025.9,43.7,0,0.0,0.0,0.0,0.0,0.0,0.0,--
2020/11/30 8:42,20.3,56,-1.7,95,-2.4,-1.7,0.0,0.0,181,979.8,1025.8,38.1,0,0.0,0.0,0.0,0.0,0.0,0.0,--
2020/11/30 8:47,20.3,56,-1.7,96,-2.2,-1.7,0.0,0.0,181,980.0,1026.0,35.4,0,0.0,0.0,0.0,0.0,0.0,0.0,--
2020/11/30 8:52,20.3,56,-1.6,95,-2.3,-1.6,0.0,0.0,181,980.0,1026.0,38.1,0,0.0,0.0,0.0,0.0,0.0,0.0,--
2020/11/30 8:57,20.3,56,-1.6,94,-2.5,-1.6,0.0,0.0,181,979.8,1025.8,45.5,0,0.0,0.0,0.0,0.0,0.0,0.0,--
2020/11/30 9:02,20.2,56,-1.5,94,-2.4,-1.5,0.0,0.0,181,979.8,1025.8,46.7,0,0.0,0.0,0.0,0.0,0.0,0.0,--
2020/11/30 9:07,20.2,56,-1.5,94,-2.4,-1.5,0.1,0.5,181,979.8,1025.8,47.2,0,0.0,0.0,0.0,0.0,0.0,0.0,--
2020/11/30 9:12,20.1,56,-1.6,93,-2.6,-1.6,0.0,0.0,181,979.9,1025.9,53.7,0,0.0,0.0,0.0,0.0,0.0,0.0,--
2020/11/30 9:17,20.1,56,-1.5,94,-2.4,-1.5,0.0,0.0,181,980.0,1026.0,58.1,0,0.0,0.0,0.0,0.0,0.0,0.0,--
2020/11/30 9:22,20.0,56,-1.4,95,-2.1,-1.4,0.1,0.5,181,979.9,1025.9,71.0,0,0.0,0.0,0.0,0.0,0.0,0.0,--
2020/11/30 9:27,20.0,56,-1.4,94,-2.3,-1.4,0.0,0.0,183,980.1,1026.1,69.7,0,0.0,0.0,0.0,0.0,0.0,0.0,--
2020/11/30 9:32,19.9,56,-1.4,93,-2.4,-1.4,0.7,1.0,181,980.0,1026.0,74.1,0,0.0,0.0,0.0,0.0,0.0,0.0,--
2020/11/30 9:37,19.9,56,-1.4,93,-2.4,-1.4,0.3,0.5,179,980.2,1026.2,85.3,0,0.0,0.0,0.0,0.0,0.0,0.0,--
2020/11/30 9:42,19.8,56,-1.4,91,-2.7,-1.4,0.1,0.5,176,980.2,1026.2,83.1,0,0.0,0.0,0.0,0.0,0.0,0.0,--
2020/11/30 9:47,19.7,56,-1.2,93,-2.2,-1.2,0.4,0.5,178,980.3,1026.3,75.8,0,0.0,0.0,0.0,0.0,0.0,0.0,--
2020/11/30 9:52,19.7,56,-1.1,93,-2.1,-1.1,0.0,0.0,153,980.2,1026.2,96.2,0,0.0,0.0,0.0,0.0,0.0,0.0,--
2020/11/30 9:57,19.7,56,-1.1,93,-2.1,-1.1,0.8,1.0,149,980.3,1026.3,150.9,1,0.0,0.0,0.0,0.0,0.0,0.0,--
2020/11/30 10:02,19.7,56,-0.8,91,-2.1,-0.8,0.6,1.0,130,980.3,1026.3,148.2,1,0.0,0.0,0.0,0.0,0.0,0.0,--
2020/11/30 10:07,19.7,56,-0.8,92,-2.0,-2.7,1.5,2.0,140,980.2,1026.2,89.7,0,0.0,0.0,0.0,0.0,0.0,0.0,--
2020/11/30 10:12,19.7,56,-0.9,92,-2.1,-0.9,1.1,1.5,136,980.3,1026.3,164.2,1,0.0,0.0,0.0,0.0,0.0,0.0,--
2020/11/30 10:17,19.7,56,-0.5,93,-1.6,-0.5,0.6,1.0,130,980.3,1026.3,169.5,1,0.0,0.0,0.0,0.0,0.0,0.0,--
2020/11/30 10:22,19.7,56,-0.5,91,-1.8,-0.5,0.9,1.0,121,980.3,1026.3,175.6,1,0.0,0.0,0.0,0.0,0.0,0.0,--
2020/11/30 10:27,19.7,56,-0.4,90,-1.8,-0.4,0.5,0.5,121,980.3,1026.3,144.8,1,0.0,0.0,0.0,0.0,0.0,0.0,--
2020/11/30 10:32,19.7,56,-0.5,91,-1.8,-0.5,1.1,1.5,125,980.4,1026.4,169.0,1,0.0,0.0,0.0,0.0,0.0,0.0,--
2020/11/30 10:37,19.8,56,-0.1,92,-1.3,-0.1,0.5,0.5,134,980.3,1026.3,184.7,1,0.0,0.0,0.0,0.0,0.0,0.0,--
2020/11/30 10:42,19.7,56,-0.2,90,-1.6,-0.2,1.1,1.5,165,980.5,1026.5,141.4,1,0.0,0.0,0.0,0.0,0.0,0.0,--
2020/11/30 10:47,19.7,56,-0.2,90,-1.6,-0.2,1.0,1.0,161,980.3,1026.3,190.3,1,0.0,0.0,0.0,0.0,0.0,0.0,--
2020/11/30 10:52,19.8,56,-0.1,90,-1.5,-0.1,0.8,1.5,165,980.3,1026.3,190.8,1,0.0,0.0,0.0,0.0,0.0,0.0,--
2020/11/30 10:57,19.8,56,0.1,90,-1.3,0.1,1.0,1.0,157,980.1,1026.1,204.3,2,0.0,0.0,0.0,0.0,0.0,0.0,--
2020/11/30 11:02,19.8,56,0.3,89,-1.3,0.3,1.0,1.0,161,980.3,1026.3,199.0,1,0.0,0.0,0.0,0.0,0.0,0.0,--
2020/11/30 11:07,19.8,56,0.4,89,-1.2,0.4,0.8,1.0,155,980.2,1026.2,167.8,1,0.0,0.0,0.0,0.0,0.0,0.0,--
2020/11/30 11:12,19.8,56,0.5,89,-1.1,0.5,0.8,1.0,158,980.2,1026.2,258.0,2,0.0,0.0,0.0,0.0,0.0,0.0,--
2020/11/30 11:17,19.8,56,0.6,89,-1.0,0.6,0.8,1.0,157,980.0,1026.0,175.1,1,0.0,0.0,0.0,0.0,0.0,0.0,--
2020/11/30 11:22,19.8,56,0.6,88,-1.2,-0.9,1.4,1.5,168,979.9,1025.9,195.6,1,0.0,0.0,0.0,0.0,0.0,0.0,--
2020/11/30 11:27,19.8,56,0.7,89,-0.9,0.7,1.0,1.0,143,979.9,1025.9,166.9,1,0.0,0.0,0.0,0.0,0.0,0.0,--
2020/11/30 11:32,19.8,56,0.8,87,-1.1,0.8,1.3,1.5,158,979.6,1025.6,156.1,1,0.0,0.0,0.0,0.0,0.0,0.0,--
2020/11/30 11:37,19.8,55,0.9,88,-0.9,0.9,1.2,1.5,158,979.6,1025.6,202.5,2,0.0,0.0,0.0,0.0,0.0,0.0,--
2020/11/30 11:42,19.8,56,1.0,87,-0.9,-0.6,1.5,2.0,183,979.7,1025.7,253.2,2,0.0,0.0,0.0,0.0,0.0,0.0,--
2020/11/30 11:47,19.8,55,1.1,88,-0.7,-0.3,1.4,1.5,136,979.6,1025.6,236.8,2,0.0,0.0,0.0,0.0,0.0,0.0,--
2020/11/30 11:52,19.8,55,1.2,88,-0.6,-0.7,1.7,2.0,113,979.5,1025.5,267.1,2,0.0,0.0,0.0,0.0,0.0,0.0,--
2020/11/30 11:57,19.8,55,1.0,87,-0.9,1.0,0.6,1.0,112,979.5,1025.5,152.1,1,0.0,0.0,0.0,0.0,0.0,0.0,--
2020/11/30 12:02,19.7,55,1.3,90,-0.2,1.3,0.8,1.0,124,979.5,1025.5,160.8,1,0.0,0.0,0.0,0.0,0.0,0.0,--
2020/11/30 12:07,19.7,55,1.3,87,-0.7,1.3,1.1,1.5,175,979.4,1025.4,97.1,0,0.0,0.0,0.0,0.0,0.0,0.0,--
2020/11/30 12:12,19.8,55,1.4,87,-0.6,-0.2,1.5,2.0,176,979.3,1025.3,160.0,1,0.0,0.0,0.0,0.0,0.0,0.0,--
2020/11/30 12:17,19.7,55,1.4,87,-0.6,1.4,1.2,1.5,160,979.4,1025.4,171.7,1,0.0,0.0,0.0,0.0,0.0,0.0,--
2020/11/30 12:22,19.7,55,1.5,86,-0.6,1.5,1.3,1.5,168,979.5,1025.5,137.5,1,0.0,0.0,0.0,0.0,0.0,0.0,--
2020/11/30 12:27,19.7,55,1.5,85,-0.7,1.5,1.3,1.5,170,979.4,1025.4,121.8,1,0.0,0.0,0.0,0.0,0.0,0.0,--
2020/11/30 12:32,19.7,55,1.6,86,-0.5,1.6,0.9,1.0,170,979.3,1025.3,114.0,1,0.0,0.0,0.0,0.0,0.0,0.0,--
2020/11/30 12:37,19.7,55,1.7,84,-0.7,1.7,1.2,1.5,182,979.3,1025.3,111.8,1,0.0,0.0,0.0,0.0,0.0,0.0,--
2020/11/30 12:42,19.7,55,1.8,83,-0.8,1.8,1.3,1.5,174,979.2,1025.2,109.7,1,0.0,0.0,0.0,0.0,0.0,0.0,--
2020/11/30 12:47,19.7,55,2.1,85,-0.2,2.1,0.6,1.0,159,979.1,1025.1,124.9,1,0.0,0.0,0.0,0.0,0.0,0.0,--
2020/11/30 12:52,19.7,55,2.2,83,-0.4,2.2,1.1,1.5,173,979.2,1025.2,142.6,1,0.0,0.0,0.0,0.0,0.0,0.0,--
2020/11/30 12:57,19.7,55,2.4,79,-0.9,1.0,1.5,1.5,169,979.1,1025.1,179.1,1,0.0,0.0,0.0,0.0,0.0,0.0,--
2020/11/30 13:02,19.7,55,2.6,79,-0.7,2.6,1.1,1.5,173,979.1,1025.1,171.7,1,0.0,0.0,0.0,0.0,0.0,0.0,--
2020/11/30 13:07,19.7,55,2.9,78,-0.6,1.3,1.7,2.0,164,978.8,1024.8,154.3,1,0.0,0.0,0.0,0.0,0.0,0.0,--
2020/11/30 13:12,19.7,55,2.9,79,-0.4,2.9,0.7,1.0,132,978.8,1024.8,167.8,1,0.0,0.0,0.0,0.0,0.0,0.0,--
2020/11/30 13:17,19.6,55,2.9,77,-0.7,2.9,1.1,1.5,134,978.7,1024.7,162.5,1,0.0,0.0,0.0,0.0,0.0,0.0,--
2020/11/30 13:22,19.6,55,3.1,77,-0.6,3.1,1.0,1.0,150,978.7,1024.7,152.6,1,0.0,0.0,0.0,0.0,0.0,0.0,--
2020/11/30 13:27,19.6,55,3.2,77,-0.5,3.2,1.2,2.0,144,978.5,1024.5,141.7,1,0.0,0.0,0.0,0.0,0.0,0.0,--
2020/11/30 13:32,19.6,55,3.3,77,-0.4,2.0,1.5,1.5,137,978.5,1024.5,71.9,0,0.0,0.0,0.0,0.0,0.0,0.0,--
2020/11/30 13:37,19.6,55,3.2,76,-0.6,2.0,1.4,1.5,135,978.5,1024.5,67.6,0,0.0,0.0,0.0,0.0,0.0,0.0,--
2020/11/30 13:42,19.6,55,3.4,72,-1.2,3.4,1.0,1.5,160,978.5,1024.5,143.1,1,0.0,0.0,0.0,0.0,0.0,0.0,--
2020/11/30 13:47,19.5,55,3.5,73,-0.9,3.5,1.1,1.5,150,978.3,1024.3,62.0,0,0.0,0.0,0.0,0.0,0.0,0.0,--
2020/11/30 13:52,19.5,55,3.9,72,-0.7,3.9,1.1,1.5,167,978.3,1024.3,135.3,1,0.0,0.0,0.0,0.0,0.0,0.0,--
2020/11/30 13:57,19.5,55,3.7,70,-1.3,3.7,0.8,1.0,177,978.4,1024.4,59.3,0,0.0,0.0,0.0,0.0,0.0,0.0,--
2020/11/30 14:02,19.5,56,4.1,71,-0.7,4.1,1.1,1.5,163,978.4,1024.4,62.0,0,0.0,0.0,0.0,0.0,0.0,0.0,--
2020/11/30 14:07,19.4,56,3.7,68,-1.7,2.2,1.7,2.0,168,978.3,1024.3,87.1,0,0.0,0.0,0.0,0.0,0.0,0.0,--
2020/11/30 14:12,19.4,56,3.7,70,-1.3,3.7,1.0,1.5,187,978.2,1024.2,61.5,0,0.0,0.0,0.0,0.0,0.0,0.0,--
2020/11/30 14:17,19.4,56,3.3,71,-1.5,3.3,0.6,1.0,172,978.3,1024.3,53.7,0,0.0,0.0,0.0,0.0,0.0,0.0,--
2020/11/30 14:22,19.4,56,2.7,71,-2.1,2.7,0.8,1.0,176,978.2,1024.2,54.1,0,0.0,0.0,0.0,0.0,0.0,0.0,--
2020/11/30 14:27,19.3,56,2.5,73,-1.8,2.5,0.4,1.0,177,978.1,1024.1,50.6,0,0.0,0.0,0.0,0.0,0.0,0.0,--
2020/11/30 14:32,19.3,56,2.4,72,-2.2,2.4,0.6,1.0,171,978.1,1024.1,50.2,0,0.0,0.0,0.0,0.0,0.0,0.0,--
2020/11/30 14:37,19.2,56,2.3,75,-1.7,2.3,0.5,0.5,174,978.2,1024.2,48.5,0,0.0,0.0,0.0,0.0,0.0,0.0,--
2020/11/30 14:42,19.2,56,2.1,76,-1.7,2.1,1.0,1.0,173,978.2,1024.2,46.7,0,0.0,0.0,0.0,0.0,0.0,0.0,--
2020/11/30 14:47,19.1,56,2.0,74,-2.2,2.0,0.8,1.0,172,978.2,1024.2,45.0,0,0.0,0.0,0.0,0.0,0.0,0.0,--
2020/11/30 14:52,19.0,56,1.8,76,-2.0,1.8,0.7,1.0,173,977.9,1023.9,42.9,0,0.0,0.0,0.0,0.0,0.0,0.0,--
2020/11/30 14:57,18.9,56,1.7,76,-2.1,1.7,1.0,1.0,173,977.9,1023.9,41.5,0,0.0,0.0,0.0,0.0,0.0,0.0,--
2020/11/30 15:02,18.8,56,1.7,78,-1.7,1.7,1.0,1.0,175,978.0,1024.0,39.3,0,0.0,0.0,0.0,0.0,0.0,0.0,--
2020/11/30 15:07,18.8,56,1.4,81,-1.5,1.4,0.5,0.5,175,978.1,1024.1,37.1,0,0.0,0.0,0.0,0.0,0.0,0.0,--
2020/11/30 15:12,18.7,56,1.2,82,-1.6,1.2,0.7,1.0,176,978.1,1024.1,35.1,0,0.0,0.0,0.0,0.0,0.0,0.0,--
2020/11/30 15:17,18.6,56,1.0,84,-1.4,1.0,0.4,0.5,175,978.0,1024.0,32.4,0,0.0,0.0,0.0,0.0,0.0,0.0,--
2020/11/30 15:22,18.6,57,0.9,84,-1.5,0.9,0.5,0.5,176,977.8,1023.8,29.8,0,0.0,0.0,0.0,0.0,0.0,0.0,--
2020/11/30 15:27,18.6,57,1.0,84,-1.4,1.0,0.6,1.0,176,977.9,1023.9,28.6,0,0.0,0.0,0.0,0.0,0.0,0.0,--
2020/11/30 15:32,18.6,57,0.7,85,-1.5,0.7,0.3,0.5,176,978.1,1024.1,25.0,0,0.0,0.0,0.0,0.0,0.0,0.0,--
2020/11/30 15:37,18.6,57,0.7,85,-1.5,0.7,0.5,0.5,176,977.9,1023.9,22.0,0,0.0,0.0,0.0,0.0,0.0,0.0,--
2020/11/30 15:42,18.6,57,0.7,83,-1.9,0.7,0.3,0.5,176,978.0,1024.0,19.9,0,0.0,0.0,0.0,0.0,0.0,0.0,--
2020/11/30 15:47,18.7,57,0.8,82,-2.0,0.8,0.4,0.5,176,978.1,1024.1,16.8,0,0.0,0.0,0.0,0.0,0.0,0.0,--
2020/11/30 15:52,18.8,57,0.6,83,-2.0,0.6,0.3,0.5,177,978.0,1024.0,13.8,0,0.0,0.0,0.0,0.0,0.0,0.0,--
2020/11/30 15:57,18.9,57,0.6,83,-2.0,0.6,0.4,0.5,177,978.0,1024.0,11.6,0,0.0,0.0,0.0,0.0,0.0,0.0,--
2020/11/30 16:02,18.9,57,0.4,84,-2.0,0.4,0.0,0.0,176,978.0,1024.0,7.7,0,0.0,0.0,0.0,0.0,0.0,0.0,--
2020/11/30 16:07,19.0,57,0.2,88,-1.6,0.2,0.0,0.0,176,978.1,1024.1,5.1,0,0.0,0.0,0.0,0.0,0.0,0.0,--
2020/11/30 16:12,19.1,57,-0.3,89,-1.9,-0.3,0.0,0.0,176,978.2,1024.2,2.9,0,0.0,0.0,0.0,0.0,0.0,0.0,--
2020/11/30 16:17,19.2,57,-0.6,90,-2.0,-0.6,0.0,0.0,176,978.0,1024.0,2.0,0,0.0,0.0,0.0,0.0,0.0,0.0,--
2020/11/30 16:22,19.2,56,-1.0,91,-2.3,-1.0,0.0,0.0,176,978.1,1024.1,0.3,0,0.0,0.0,0.0,0.0,0.0,0.0,--
2020/11/30 16:27,19.2,56,-1.2,92,-2.3,-1.2,0.0,0.0,176,978.3,1024.3,0.0,0,0.0,0.0,0.0,0.0,0.0,0.0,--
2020/11/30 16:32,19.3,56,-1.5,93,-2.5,-1.5,0.0,0.0,176,978.2,1024.2,0.0,0,0.0,0.0,0.0,0.0,0.0,0.0,--
2020/11/30 16:37,19.3,56,-1.2,93,-2.2,-1.2,0.0,0.0,176,978.2,1024.2,0.0,0,0.0,0.0,0.0,0.0,0.0,0.0,--
2020/11/30 16:42,19.4,56,-1.4,93,-2.4,-1.4,0.0,0.0,176,978.2,1024.2,0.0,0,0.0,0.0,0.0,0.0,0.0,0.0,--
2020/11/30 16:47,19.4,56,-1.7,95,-2.4,-1.7,0.0,0.0,176,978.1,1024.1,0.0,0,0.0,0.0,0.0,0.0,0.0,0.0,--
2020/11/30 16:52,19.4,56,-2.0,96,-2.5,-2.0,0.0,0.0,176,978.1,1024.1,0.0,0,0.0,0.0,0.0,0.0,0.0,0.0,--
2020/11/30 16:57,19.5,56,-1.9,96,-2.4,-1.9,0.0,0.0,176,978.2,1024.2,0.0,0,0.0,0.0,0.0,0.0,0.0,0.0,--
2020/11/30 17:02,19.5,56,-1.8,95,-2.5,-1.8,0.0,0.0,176,978.1,1024.1,0.0,0,0.0,0.0,0.0,0.0,0.0,0.0,--
2020/11/30 17:07,19.5,56,-2.0,96,-2.5,-2.0,0.0,0.0,176,978.1,1024.1,0.0,0,0.0,0.0,0.0,0.0,0.0,0.0,--
2020/11/30 17:12,19.6,56,-2.2,95,-2.9,-2.2,0.0,0.0,176,978.0,1024.0,0.0,0,0.0,0.0,0.0,0.0,0.0,0.0,--
2020/11/30 17:17,19.6,56,-2.1,96,-2.6,-2.1,0.0,0.0,176,978.1,1024.1,0.0,0,0.0,0.0,0.0,0.0,0.0,0.0,--
2020/11/30 17:22,19.6,56,-2.1,95,-2.8,-2.1,0.0,0.0,176,978.0,1024.0,0.0,0,0.0,0.0,0.0,0.0,0.0,0.0,--
2020/11/30 17:27,19.6,56,-2.3,96,-2.8,-2.3,0.0,0.0,176,978.0,1024.0,0.0,0,0.0,0.0,0.0,0.0,0.0,0.0,--
2020/11/30 17:32,19.6,56,-2.5,97,-2.9,-2.5,0.0,0.0,176,977.9,1023.9,0.0,0,0.0,0.0,0.0,0.0,0.0,0.0,--
2020/11/30 17:37,19.7,56,-2.6,96,-3.1,-2.6,0.0,0.0,176,978.0,1024.0,0.0,0,0.0,0.0,0.0,0.0,0.0,0.0,--
2020/11/30 17:42,19.7,56,-2.9,97,-3.3,-2.9,0.0,0.0,176,978.1,1024.1,0.0,0,0.0,0.0,0.0,0.0,0.0,0.0,--
2020/11/30 17:47,19.7,56,-2.8,97,-3.2,-2.8,0.0,0.0,176,978.0,1024.0,0.0,0,0.0,0.0,0.0,0.0,0.0,0.0,--
2020/11/30 17:52,19.7,55,-2.8,97,-3.2,-2.8,0.0,0.0,176,978.2,1024.2,0.0,0,0.0,0.0,0.0,0.0,0.0,0.0,--
2020/11/30 17:57,19.7,54,-2.8,97,-3.2,-2.8,0.0,0.0,176,978.3,1024.3,0.0,0,0.0,0.0,0.0,0.0,0.0,0.0,--
2020/11/30 18:02,19.7,55,-2.9,97,-3.3,-2.9,0.0,0.0,176,978.5,1024.5,0.0,0,0.0,0.0,0.0,0.0,0.0,0.0,--
2020/11/30 18:07,19.7,55,-2.9,98,-3.2,-2.9,0.0,0.0,176,978.1,1024.1,0.0,0,0.0,0.0,0.0,0.0,0.0,0.0,--
2020/11/30 18:12,19.9,55,-2.6,98,-2.9,-2.6,0.0,0.0,176,978.2,1024.2,0.0,0,0.0,0.0,0.0,0.0,0.0,0.0,--
2020/11/30 18:17,20.0,55,-2.6,98,-2.9,-2.6,0.0,0.0,176,978.2,1024.2,0.0,0,0.0,0.0,0.0,0.0,0.0,0.0,--
2020/11/30 18:22,20.0,55,-2.6,98,-2.9,-2.6,0.0,0.0,176,978.2,1024.2,0.0,0,0.0,0.0,0.0,0.0,0.0,0.0,--
2020/11/30 18:27,20.2,56,-2.9,98,-3.2,-2.9,0.0,0.0,176,978.1,1024.1,0.0,0,0.0,0.0,0.0,0.0,0.0,0.0,--
2020/11/30 18:32,20.3,56,-2.8,98,-3.1,-2.8,0.0,0.0,176,978.3,1024.3,0.0,0,0.0,0.0,0.0,0.0,0.0,0.0,--
2020/11/30 18:37,20.4,56,-2.5,98,-2.8,-2.5,0.0,0.0,176,978.3,1024.3,0.0,0,0.0,0.0,0.0,0.0,0.0,0.0,--
2020/11/30 18:42,20.4,56,-2.4,98,-2.7,-2.4,0.0,0.0,176,978.4,1024.4,0.0,0,0.0,0.0,0.0,0.0,0.0,0.0,--
2020/11/30 18:47,20.5,56,-2.2,97,-2.6,-2.2,0.0,0.0,176,978.4,1024.4,0.0,0,0.0,0.0,0.0,0.0,0.0,0.0,--
2020/11/30 18:52,20.5,56,-2.2,97,-2.6,-2.2,0.0,0.0,176,978.5,1024.5,0.0,0,0.0,0.0,0.0,0.0,0.0,0.0,--
2020/11/30 18:57,20.5,56,-2.4,96,-2.9,-2.4,0.0,0.0,176,978.3,1024.3,0.0,0,0.0,0.0,0.0,0.0,0.0,0.0,--
2020/11/30 19:02,20.5,56,-2.5,97,-2.9,-2.5,0.0,0.0,176,978.3,1024.3,0.0,0,0.0,0.0,0.0,0.0,0.0,0.0,--
2020/11/30 19:07,20.6,56,-2.5,97,-2.9,-2.5,0.0,0.0,176,978.5,1024.5,0.0,0,0.0,0.0,0.0,0.0,0.0,0.0,--
2020/11/30 19:12,20.6,56,-2.4,96,-2.9,-2.4,0.0,0.0,176,978.3,1024.3,0.0,0,0.0,0.0,0.0,0.0,0.0,0.0,--
2020/11/30 19:17,20.6,56,-2.4,97,-2.8,-2.4,0.0,0.0,176,978.4,1024.4,0.0,0,0.0,0.0,0.0,0.0,0.0,0.0,--
2020/11/30 19:22,20.7,56,-2.3,97,-2.7,-2.3,0.0,0.0,176,978.4,1024.4,0.0,0,0.0,0.0,0.0,0.0,0.0,0.0,--
2020/11/30 19:27,20.7,57,-2.5,96,-3.0,-2.5,0.0,0.0,176,978.3,1024.3,0.0,0,0.0,0.0,0.0,0.0,0.0,0.0,--
2020/11/30 19:32,20.8,57,-2.5,97,-2.9,-2.5,0.0,0.0,176,978.3,1024.3,0.0,0,0.0,0.0,0.0,0.0,0.0,0.0,--
2020/11/30 19:37,20.8,58,-2.7,97,-3.1,-2.7,0.0,0.0,176,978.1,1024.1,0.0,0,0.0,0.0,0.0,0.0,0.0,0.0,--
2020/11/30 19:42,20.8,58,-2.2,98,-2.5,-2.2,0.0,0.0,176,978.1,1024.1,0.0,0,0.0,0.0,0.0,0.0,0.0,0.0,--
2020/11/30 19:47,20.9,58,-2.4,97,-2.8,-2.4,0.0,0.0,176,978.1,1024.1,0.0,0,0.0,0.0,0.0,0.0,0.0,0.0,--
2020/11/30 19:52,20.9,59,-2.5,98,-2.8,-2.5,0.0,0.0,176,978.3,1024.3,0.0,0,0.0,0.0,0.0,0.0,0.0,0.0,--
2020/11/30 19:57,20.9,59,-2.7,97,-3.1,-2.7,0.0,0.0,176,978.1,1024.1,0.0,0,0.0,0.0,0.0,0.0,0.0,0.0,--
2020/11/30 20:02,21.0,59,-2.6,98,-2.9,-2.6,0.1,0.5,176,978.1,1024.1,0.0,0,0.0,0.0,0.0,0.0,0.0,0.0,--
2020/11/30 20:07,21.0,59,-2.0,97,-2.4,-2.0,0.4,0.5,176,978.4,1024.4,0.0,0,0.0,0.0,0.0,0.0,0.0,0.0,--
2020/11/30 20:12,21.0,60,-1.9,96,-2.4,-1.9,0.3,0.5,176,978.2,1024.2,0.0,0,0.0,0.0,0.0,0.0,0.0,0.0,--
2020/11/30 20:17,21.1,60,-1.9,95,-2.6,-1.9,0.4,0.5,176,978.0,1024.0,0.0,0,0.0,0.0,0.0,0.0,0.0,0.0,--
2020/11/30 20:22,21.1,60,-1.9,95,-2.6,-1.9,0.5,0.5,176,978.0,1024.0,0.0,0,0.0,0.0,0.0,0.0,0.0,0.0,--
2020/11/30 20:27,21.1,59,-1.9,95,-2.6,-1.9,0.0,0.0,176,978.0,1024.0,0.0,0,0.0,0.0,0.0,0.0,0.0,0.0,--
2020/11/30 20:32,21.1,59,-1.9,95,-2.6,-1.9,0.2,0.5,176,978.2,1024.2,0.0,0,0.0,0.0,0.0,0.0,0.0,0.0,--
2020/11/30 20:37,21.1,59,-1.9,94,-2.8,-1.9,0.2,0.5,176,978.1,1024.1,0.0,0,0.0,0.0,0.0,0.0,0.0,0.0,--
2020/11/30 20:42,21.1,58,-1.8,94,-2.7,-1.8,0.3,0.5,176,978.1,1024.1,0.0,0,0.0,0.0,0.0,0.0,0.0,0.0,--
2020/11/30 20:47,21.1,58,-1.8,95,-2.5,-1.8,0.5,0.5,176,978.0,1024.0,0.0,0,0.0,0.0,0.0,0.0,0.0,0.0,--
2020/11/30 20:52,21.1,58,-1.8,94,-2.7,-1.8,0.5,0.5,176,978.1,1024.1,0.0,0,0.0,0.0,0.0,0.0,0.0,0.0,--
2020/11/30 20:57,21.1,58,-1.8,95,-2.5,-1.8,0.5,0.5,176,978.0,1024.0,0.0,0,0.0,0.0,0.0,0.0,0.0,0.0,--
2020/11/30 21:02,21.0,58,-1.7,94,-2.6,-1.7,0.4,0.5,176,978.1,1024.1,0.0,0,0.0,0.0,0.0,0.0,0.0,0.0,--
2020/11/30 21:07,21.0,58,-1.7,94,-2.6,-1.7,0.1,0.5,176,978.0,1024.0,0.0,0,0.0,0.0,0.0,0.0,0.0,0.0,--
2020/11/30 21:12,21.0,58,-1.7,94,-2.6,-1.7,0.2,0.5,176,978.1,1024.1,0.0,0,0.0,0.0,0.0,0.0,0.0,0.0,--
2020/11/30 21:17,20.9,57,-1.7,94,-2.6,-1.7,0.5,0.5,176,978.2,1024.2,0.0,0,0.0,0.0,0.0,0.0,0.0,0.0,--
2020/11/30 21:22,20.8,57,-1.7,94,-2.6,-1.7,0.6,1.0,174,978.0,1024.0,0.0,0,0.0,0.0,0.0,0.0,0.0,0.0,--
2020/11/30 21:27,20.7,58,-1.7,94,-2.6,-1.7,0.1,0.5,174,978.0,1024.0,0.0,0,0.0,0.0,0.0,0.0,0.0,0.0,--
2020/11/30 21:32,20.6,58,-1.8,93,-2.8,-1.8,0.5,0.5,174,977.9,1023.9,0.0,0,0.0,0.0,0.0,0.0,0.0,0.0,--
2020/11/30 21:37,20.5,58,-1.8,94,-2.7,-1.8,0.3,0.5,174,978.1,1024.1,0.0,0,0.0,0.0,0.0,0.0,0.0,0.0,--
2020/11/30 21:42,20.4,58,-1.8,94,-2.7,-1.8,0.0,0.0,174,978.1,1024.1,0.0,0,0.0,0.0,0.0,0.0,0.0,0.0,--
2020/11/30 21:47,20.3,58,-1.8,94,-2.7,-1.8,0.0,0.0,174,978.3,1024.3,0.0,0,0.0,0.0,0.0,0.0,0.0,0.0,--
2020/11/30 21:52,20.2,58,-1.8,93,-2.8,-1.8,0.0,0.0,174,978.0,1024.0,0.0,0,0.0,0.0,0.0,0.0,0.0,0.0,--
2020/11/30 21:57,20.2,58,-1.8,94,-2.7,-1.8,0.0,0.0,174,977.9,1023.9,0.0,0,0.0,0.0,0.0,0.0,0.0,0.0,--
2020/11/30 22:02,20.2,58,-1.8,94,-2.7,-1.8,0.0,0.0,174,977.9,1023.9,0.0,0,0.0,0.0,0.0,0.0,0.0,0.0,--
2020/11/30 22:07,20.2,58,-1.8,94,-2.7,-1.8,0.0,0.0,174,977.9,1023.9,0.0,0,0.0,0.0,0.0,0.0,0.0,0.0,--
2020/11/30 22:12,20.2,58,-1.8,94,-2.7,-1.8,0.0,0.0,174,977.9,1023.9,0.0,0,0.0,0.0,0.0,0.0,0.0,0.0,--
2020/11/30 22:17,20.2,59,-1.8,94,-2.7,-1.8,0.0,0.0,174,977.8,1023.8,0.0,0,0.0,0.0,0.0,0.0,0.0,0.0,--
2020/11/30 22:22,20.3,59,-1.8,94,-2.7,-1.8,0.0,0.0,174,977.7,1023.7,0.0,0,0.0,0.0,0.0,0.0,0.0,0.0,--
2020/11/30 22:27,20.3,59,-1.8,94,-2.7,-1.8,0.0,0.0,174,977.9,1023.9,0.0,0,0.0,0.0,0.0,0.0,0.0,0.0,--
2020/11/30 22:32,20.4,58,-1.9,94,-2.8,-1.9,0.0,0.0,174,977.6,1023.6,0.0,0,0.0,0.0,0.0,0.0,0.0,0.0,--
2020/11/30 22:37,20.4,58,-1.9,94,-2.8,-1.9,0.0,0.0,174,977.8,1023.8,0.0,0,0.0,0.0,0.0,0.0,0.0,0.0,--
2020/11/30 22:42,20.4,58,-1.9,95,-2.6,-1.9,0.0,0.0,174,977.6,1023.6,0.0,0,0.0,0.0,0.0,0.0,0.0,0.0,--
2020/11/30 22:47,20.5,58,-1.9,95,-2.6,-1.9,0.0,0.0,174,977.5,1023.5,0.0,0,0.0,0.0,0.0,0.0,0.0,0.0,--
2020/11/30 22:52,20.4,58,-1.9,95,-2.6,-1.9,0.0,0.0,174,977.6,1023.6,0.0,0,0.0,0.0,0.0,0.0,0.0,0.0,--
2020/11/30 22:57,20.4,58,-1.9,95,-2.6,-1.9,0.0,0.0,174,977.5,1023.5,0.0,0,0.0,0.0,0.0,0.0,0.0,0.0,--
2020/11/30 23:02,20.4,58,-1.9,95,-2.6,-1.9,0.0,0.0,174,977.6,1023.6,0.0,0,0.0,0.0,0.0,0.0,0.0,0.0,--
2020/11/30 23:07,20.4,58,-1.9,95,-2.6,-1.9,0.0,0.0,174,977.5,1023.5,0.0,0,0.0,0.0,0.0,0.0,0.0,0.0,--
2020/11/30 23:12,20.3,58,-1.9,95,-2.6,-1.9,0.0,0.0,174,977.5,1023.5,0.0,0,0.0,0.0,0.0,0.0,0.0,0.0,--
2020/11/30 23:17,20.3,58,-1.9,95,-2.6,-1.9,0.0,0.0,174,977.3,1023.3,0.0,0,0.0,0.0,0.0,0.0,0.0,0.0,--
2020/11/30 23:22,20.2,58,-1.7,95,-2.4,-1.7,0.0,0.0,174,977.3,1023.3,0.0,0,0.0,0.0,0.0,0.0,0.0,0.0,--
2020/11/30 23:27,20.2,57,-1.8,95,-2.5,-1.8,0.0,0.0,174,977.4,1023.4,0.0,0,0.0,0.0,0.0,0.0,0.0,0.0,--
2020/11/30 23:32,20.1,57,-1.7,95,-2.4,-1.7,0.0,0.0,174,977.4,1023.4,0.0,0,0.0,0.0,0.0,0.0,0.0,0.0,--
2020/11/30 23:37,20.0,57,-1.7,95,-2.4,-1.7,0.0,0.0,174,977.2,1023.2,0.0,0,0.0,0.0,0.0,0.0,0.0,0.0,--
2020/11/30 23:42,20.0,57,-1.7,95,-2.4,-1.7,0.0,0.0,174,977.4,1023.4,0.0,0,0.0,0.0,0.0,0.0,0.0,0.0,--
2020/11/30 23:47,19.9,57,-1.6,96,-2.1,-1.6,0.0,0.0,174,977.2,1023.2,0.0,0,0.0,0.0,0.0,0.0,0.0,0.0,--
2020/11/30 23:52,19.8,57,-1.5,94,-2.4,-1.5,0.0,0.0,174,977.2,1023.2,0.0,0,0.0,0.0,0.0,0.0,0.0,0.0,--
2020/11/30 23:57,19.7,57,-1.4,95,-2.1,-1.4,0.1,0.5,174,977.2,1023.2,0.0,0,0.0,0.0,0.0,0.0,0.0,0.0,--
